{
  "type": "FeatureCollection",
  "generator": "overpass-turbo",
  "copyright": "The data included in this document is from www.openstreetmap.org. The data is made available under ODbL.",
  "timestamp": "2026-07-10T17:17:50Z",
  "features": [
    {
      "type": "Feature",
      "properties": {
        "@id": "node/206024673",
        "esr:user": "249502",
        "name": "Бурундуки",
        "operator": "ОАО «РЖД»",
        "operator:branch": "Горьковская железная дорога",
        "public_transport": "station",
        "railway": "station",
        "train": "yes",
        "uic_ref": "2060613"
      },
      "geometry": {
        "type": "Point",
        "coordinates": [
          48.2297947,
          54.7734065
        ]
      },
      "id": "node/206024673"
    },
    {
      "type": "Feature",
      "properties": {
        "@id": "node/206026764",
        "esr:user": "249038",
        "name": "Ходяшево",
        "operator": "ОАО «РЖД»",
        "operator:branch": "Горьковская железная дорога",
        "public_transport": "station",
        "railway": "station",
        "train": "yes",
        "uic_ref": "2060058"
      },
      "geometry": {
        "type": "Point",
        "coordinates": [
          48.4815878,
          55.7235105
        ]
      },
      "id": "node/206026764"
    },
    {
      "type": "Feature",
      "properties": {
        "@id": "node/244887872",
        "esr:user": "264803",
        "name": "Игумново",
        "operator": "ОАО «РЖД»",
        "operator:branch": "Горьковская железная дорога",
        "public_transport": "station",
        "railway": "station",
        "train": "yes",
        "uic_ref": "2060444"
      },
      "geometry": {
        "type": "Point",
        "coordinates": [
          43.5804983,
          56.2525398
        ]
      },
      "id": "node/244887872"
    },
    {
      "type": "Feature",
      "properties": {
        "@id": "node/247213055",
        "esr:user": "263355",
        "name": "Сарыево",
        "operator": "ОАО «РЖД»",
        "operator:branch": "Горьковская железная дорога",
        "public_transport": "station",
        "railway": "station",
        "train": "yes",
        "uic_ref": "2060755"
      },
      "geometry": {
        "type": "Point",
        "coordinates": [
          41.7076176,
          56.2986857
        ]
      },
      "id": "node/247213055"
    },
    {
      "type": "Feature",
      "properties": {
        "@id": "node/247213085",
        "esr:user": "263113",
        "name": "Ковров 2",
        "operator": "ОАО «РЖД»",
        "operator:branch": "Горьковская железная дорога",
        "public_transport": "station",
        "railway": "station",
        "train": "yes",
        "uic_ref": "2061512"
      },
      "geometry": {
        "type": "Point",
        "coordinates": [
          41.363051,
          56.3842764
        ]
      },
      "id": "node/247213085"
    },
    {
      "type": "Feature",
      "properties": {
        "@id": "node/247213111",
        "alt_name": "НОВКИ1",
        "esr:user": "263001",
        "name": "Новки 1",
        "operator": "ОАО «РЖД»",
        "operator:branch": "Горьковская железная дорога",
        "public_transport": "station",
        "railway": "station",
        "train": "yes",
        "uic_ref": "2060347"
      },
      "geometry": {
        "type": "Point",
        "coordinates": [
          41.0751153,
          56.3624839
        ]
      },
      "id": "node/247213111"
    },
    {
      "type": "Feature",
      "properties": {
        "@id": "node/265719893",
        "esr:user": "243530",
        "name": "Кондаково",
        "operator": "ОАО «РЖД»",
        "operator:branch": "Горьковская железная дорога",
        "public_transport": "station",
        "railway": "station",
        "train": "yes",
        "uic_ref": "2061479"
      },
      "geometry": {
        "type": "Point",
        "coordinates": [
          41.6933245,
          55.5469723
        ]
      },
      "id": "node/265719893"
    },
    {
      "type": "Feature",
      "properties": {
        "@id": "node/265720138",
        "esr:user": "242823",
        "name": "Ильичёв",
        "operator": "ОАО «РЖД»",
        "operator:branch": "Горьковская железная дорога",
        "public_transport": "station",
        "railway": "station",
        "train": "yes",
        "uic_ref": "2060375"
      },
      "geometry": {
        "type": "Point",
        "coordinates": [
          40.3016365,
          55.5003336
        ]
      },
      "id": "node/265720138"
    },
    {
      "type": "Feature",
      "properties": {
        "@id": "node/265721144",
        "esr:user": "240902",
        "name": "Ковров-Грузовой",
        "operator": "ОАО «РЖД»",
        "operator:branch": "Горьковская железная дорога",
        "public_transport": "station",
        "railway": "station",
        "train": "yes",
        "uic_ref": "2060361"
      },
      "geometry": {
        "type": "Point",
        "coordinates": [
          41.3848113,
          56.3045046
        ]
      },
      "id": "node/265721144"
    },
    {
      "type": "Feature",
      "properties": {
        "@id": "node/274602403",
        "esr:user": "245227",
        "name": "Княжиха",
        "operator": "ОАО «РЖД»",
        "operator:branch": "Горьковская железная дорога",
        "public_transport": "station",
        "railway": "station",
        "train": "yes",
        "uic_ref": "2060429"
      },
      "geometry": {
        "type": "Point",
        "coordinates": [
          46.06075,
          55.5526586
        ]
      },
      "id": "node/274602403"
    },
    {
      "type": "Feature",
      "properties": {
        "@id": "node/274603664",
        "esr:user": "245037",
        "name": "Андосово",
        "operator": "ОАО «РЖД»",
        "operator:branch": "Горьковская железная дорога",
        "public_transport": "station",
        "railway": "station",
        "train": "yes",
        "uic_ref": "2061404"
      },
      "geometry": {
        "type": "Point",
        "coordinates": [
          45.7415057,
          55.5329902
        ]
      },
      "id": "node/274603664"
    },
    {
      "type": "Feature",
      "properties": {
        "@id": "node/277946966",
        "description": "Станция 1 класса Кировского региона Горьковской железной дороги - филиала ОАО \"РЖД\". Ордината оси КМ006.200. Открыта в 1899 году.",
        "esr:user": "270306",
        "name": "Киров-Котласский",
        "operator": "ОАО «РЖД»",
        "operator:branch": "Горьковская железная дорога",
        "operator:official": "Горьковская дирекция управления движением РЖД",
        "public_transport": "station",
        "railway": "station",
        "train": "yes",
        "uic_name": "Kirov-Kotlasskij",
        "uic_ref": "2060006",
        "wikidata": "Q4221530"
      },
      "geometry": {
        "type": "Point",
        "coordinates": [
          49.643692,
          58.6061264
        ]
      },
      "id": "node/277946966"
    },
    {
      "type": "Feature",
      "properties": {
        "@id": "node/278117289",
        "description": "Станция 4 класса Кировского региона Горьковской железной дороги - филиала АО «РЖД». Ордината оси КМ043.200. Открыта в 1915 году. Производятся только грузовые операции. Пассажирского движения нет.",
        "esr:user": "271309",
        "name": "Долгушино",
        "operator": "ОАО «РЖД»",
        "operator:branch": "Горьковская железная дорога",
        "operator:official": "Горьковская дирекция управления движением РЖД",
        "public_transport": "no",
        "railway": "station",
        "train": "yes",
        "uic_ref": "2060064"
      },
      "geometry": {
        "type": "Point",
        "coordinates": [
          49.7325264,
          58.6397599
        ]
      },
      "id": "node/278117289"
    },
    {
      "type": "Feature",
      "properties": {
        "@id": "node/282826381",
        "description": "Станция 5 класса Кировского региона Горьковской железной дороги - филиала ОАО \"РЖД\". Ордината оси КМ841.800. Открыта в 1906 году.",
        "esr:user": "268128",
        "name": "Ацвеж",
        "operator": "ОАО «РЖД»",
        "operator:branch": "Горьковская железная дорога",
        "public_transport": "station",
        "railway": "station",
        "train": "yes",
        "uic_ref": "2060472"
      },
      "geometry": {
        "type": "Point",
        "coordinates": [
          47.9289696,
          58.2797374
        ]
      },
      "id": "node/282826381"
    },
    {
      "type": "Feature",
      "properties": {
        "@id": "node/295868506",
        "esr:user": "253508",
        "name": "Арск",
        "name:en": "Arsk",
        "name:ja": "アルスク",
        "name:ru": "Арск",
        "operator": "ОАО «РЖД»",
        "operator:branch": "Горьковская железная дорога",
        "public_transport": "station",
        "railway": "station",
        "train": "yes",
        "uic_name": "Arsk",
        "uic_ref": "2060623",
        "wikidata": "Q4070063"
      },
      "geometry": {
        "type": "Point",
        "coordinates": [
          49.8879199,
          56.0766331
        ]
      },
      "id": "node/295868506"
    },
    {
      "type": "Feature",
      "properties": {
        "@id": "node/296086322",
        "description": "Станция 4 класса Кировского региона Горьковской железной дороги - филиала ОАО \"РЖД\". Ордината оси КМ803.100. Открыта в 1927 году в составе пускового комплекса Моховые Горы - Котельнич.",
        "esr:user": "267708",
        "name": "Котельнич II",
        "name:de": "Kotelnitsch-2",
        "name:en": "Kotelnich-2",
        "operator": "ОАО «РЖД»",
        "operator:branch": "Горьковская железная дорога",
        "public_transport": "station",
        "railway": "station",
        "train": "yes",
        "uic_ref": "2060443"
      },
      "geometry": {
        "type": "Point",
        "coordinates": [
          48.2861135,
          58.3039712
        ]
      },
      "id": "node/296086322"
    },
    {
      "type": "Feature",
      "properties": {
        "@id": "node/300561738",
        "esr:user": "254106",
        "name": "Сосновка",
        "name:en": "Sosnovka",
        "name:ja": "ソスノフカ",
        "name:ru": "Сосновка",
        "operator": "ОАО «РЖД»",
        "operator:branch": "Горьковская железная дорога",
        "public_transport": "station",
        "railway": "station",
        "train": "yes",
        "uic_name": "Sosnowka",
        "uic_ref": "2060629"
      },
      "geometry": {
        "type": "Point",
        "coordinates": [
          51.2917665,
          56.2453332
        ]
      },
      "id": "node/300561738"
    },
    {
      "type": "Feature",
      "properties": {
        "@id": "node/300561753",
        "esr:user": "254002",
        "name": "Заструг",
        "name:en": "Zastrug",
        "name:ru": "Заструг",
        "operator": "ОАО «РЖД»",
        "operator:branch": "Горьковская железная дорога",
        "public_transport": "station",
        "railway": "station",
        "train": "yes",
        "uic_ref": "2060628"
      },
      "geometry": {
        "type": "Point",
        "coordinates": [
          51.1942834,
          56.247049
        ]
      },
      "id": "node/300561753"
    },
    {
      "type": "Feature",
      "properties": {
        "@id": "node/300563472",
        "esr:user": "253620",
        "name": "Коинсар",
        "operator": "ОАО «РЖД»",
        "operator:branch": "Горьковская железная дорога",
        "public_transport": "station",
        "railway": "station",
        "train": "yes",
        "uic_ref": "2061418"
      },
      "geometry": {
        "type": "Point",
        "coordinates": [
          50.642378,
          56.1791382
        ]
      },
      "id": "node/300563472"
    },
    {
      "type": "Feature",
      "properties": {
        "@id": "node/300563486",
        "esr:user": "253616",
        "name": "Иштуган",
        "operator": "ОАО «РЖД»",
        "operator:branch": "Горьковская железная дорога",
        "public_transport": "station",
        "railway": "station",
        "train": "yes",
        "uic_ref": "2061422"
      },
      "geometry": {
        "type": "Point",
        "coordinates": [
          50.5249439,
          56.1660813
        ]
      },
      "id": "node/300563486"
    },
    {
      "type": "Feature",
      "properties": {
        "@id": "node/300563491",
        "esr:user": "253601",
        "name": "Шемордан",
        "name:ja": "シェモルダン",
        "name:ru": "Шемордан",
        "operator": "ОАО «РЖД»",
        "operator:branch": "Горьковская железная дорога",
        "public_transport": "station",
        "railway": "station",
        "train": "yes",
        "uic_name": "Schemordan",
        "uic_ref": "2060625"
      },
      "geometry": {
        "type": "Point",
        "coordinates": [
          50.3974376,
          56.1899738
        ]
      },
      "id": "node/300563491"
    },
    {
      "type": "Feature",
      "properties": {
        "@id": "node/300563517",
        "esr:user": "253531",
        "name": "Корса",
        "operator": "ОАО «РЖД»",
        "operator:branch": "Горьковская железная дорога",
        "public_transport": "station",
        "railway": "station",
        "train": "yes",
        "uic_ref": "2060624"
      },
      "geometry": {
        "type": "Point",
        "coordinates": [
          50.1814584,
          56.1109755
        ]
      },
      "id": "node/300563517"
    },
    {
      "type": "Feature",
      "properties": {
        "@id": "node/300564159",
        "esr:user": "253404",
        "name": "Куркачи",
        "operator": "ОАО «РЖД»",
        "operator:branch": "Горьковская железная дорога",
        "public_transport": "station",
        "railway": "station",
        "train": "yes",
        "uic_ref": "2060622"
      },
      "geometry": {
        "type": "Point",
        "coordinates": [
          49.5730136,
          56.0075356
        ]
      },
      "id": "node/300564159"
    },
    {
      "type": "Feature",
      "properties": {
        "@id": "node/303998149",
        "esr:user": "262102",
        "int_name": "Petushki",
        "name": "Петушки",
        "name:en": "Petushki",
        "name:zh": "佩图什基",
        "operator": "ОАО «РЖД»",
        "operator:branch": "Горьковская железная дорога",
        "public_transport": "station",
        "railway": "station",
        "train": "yes",
        "uic_name": "Petushki",
        "uic_ref": "2060336",
        "wikidata": "Q4361858"
      },
      "geometry": {
        "type": "Point",
        "coordinates": [
          39.4625138,
          55.924664
        ]
      },
      "id": "node/303998149"
    },
    {
      "type": "Feature",
      "properties": {
        "@id": "node/307758957",
        "esr:user": "247329",
        "name": "Бобоедово",
        "operator": "ОАО «РЖД»",
        "operator:branch": "Горьковская железная дорога",
        "public_transport": "station",
        "railway": "station",
        "train": "yes",
        "uic_ref": "2061409"
      },
      "geometry": {
        "type": "Point",
        "coordinates": [
          46.1094421,
          54.6990904
        ]
      },
      "id": "node/307758957"
    },
    {
      "type": "Feature",
      "properties": {
        "@id": "node/307770868",
        "esr:user": "246612",
        "name": "Кендя",
        "operator": "ОАО «РЖД»",
        "operator:branch": "Горьковская железная дорога",
        "railway": "station",
        "train": "yes",
        "uic_ref": "2060416"
      },
      "geometry": {
        "type": "Point",
        "coordinates": [
          45.1241219,
          54.7630109
        ]
      },
      "id": "node/307770868"
    },
    {
      "type": "Feature",
      "properties": {
        "@id": "node/307770876",
        "esr:user": "246608",
        "name": "Ужовка",
        "operator": "ОАО «РЖД»",
        "operator:branch": "Горьковская железная дорога",
        "public_transport": "station",
        "railway": "station",
        "train": "yes",
        "uic_name": "Ujovka",
        "uic_ref": "2060415"
      },
      "geometry": {
        "type": "Point",
        "coordinates": [
          44.908146,
          54.7927185
        ]
      },
      "id": "node/307770876"
    },
    {
      "type": "Feature",
      "properties": {
        "@id": "node/307770973",
        "esr:user": "246311",
        "name": "Веселей",
        "operator": "ОАО «РЖД»",
        "operator:branch": "Горьковская железная дорога",
        "railway": "station",
        "train": "yes",
        "uic_ref": "2061411"
      },
      "geometry": {
        "type": "Point",
        "coordinates": [
          44.4605716,
          54.9715807
        ]
      },
      "id": "node/307770973"
    },
    {
      "type": "Feature",
      "properties": {
        "@id": "node/307772146",
        "esr:user": "245817",
        "name": "Поя",
        "operator": "ОАО «РЖД»",
        "operator:branch": "Горьковская железная дорога",
        "railway": "station",
        "train": "yes",
        "uic_ref": "2060411"
      },
      "geometry": {
        "type": "Point",
        "coordinates": [
          44.2992112,
          55.0957232
        ]
      },
      "id": "node/307772146"
    },
    {
      "type": "Feature",
      "properties": {
        "@id": "node/330281862",
        "esr:user": "277593",
        "name": "Люк",
        "operator": "ОАО «РЖД»",
        "operator:branch": "Горьковская железная дорога",
        "public_transport": "station",
        "railway": "station",
        "train": "yes",
        "uic_ref": "2060511"
      },
      "geometry": {
        "type": "Point",
        "coordinates": [
          53.0903183,
          57.7220232
        ]
      },
      "id": "node/330281862"
    },
    {
      "type": "Feature",
      "properties": {
        "@id": "node/330282528",
        "esr:user": "277305",
        "name": "Кушья",
        "operator": "ОАО «РЖД»",
        "operator:branch": "Горьковская железная дорога",
        "public_transport": "station",
        "railway": "station",
        "train": "yes",
        "uic_ref": "2060513"
      },
      "geometry": {
        "type": "Point",
        "coordinates": [
          53.102178,
          57.4530461
        ]
      },
      "id": "node/330282528"
    },
    {
      "type": "Feature",
      "properties": {
        "@id": "node/330282584",
        "esr:user": "277127",
        "name": "Лоза",
        "operator": "ОАО «РЖД»",
        "operator:branch": "Горьковская железная дорога",
        "public_transport": "station",
        "railway": "station",
        "train": "yes",
        "uic_ref": "2060514"
      },
      "geometry": {
        "type": "Point",
        "coordinates": [
          53.0146588,
          57.3607732
        ]
      },
      "id": "node/330282584"
    },
    {
      "type": "Feature",
      "properties": {
        "@id": "node/330282710",
        "esr:user": "277108",
        "name": "Пастухово",
        "operator": "ОАО «РЖД»",
        "operator:branch": "Горьковская железная дорога",
        "public_transport": "station",
        "railway": "station",
        "train": "yes",
        "uic_ref": "2060515"
      },
      "geometry": {
        "type": "Point",
        "coordinates": [
          53.011228,
          57.2554941
        ]
      },
      "id": "node/330282710"
    },
    {
      "type": "Feature",
      "properties": {
        "@id": "node/330283910",
        "esr:user": "276904",
        "name": "Люкшудья",
        "operator": "ОАО «РЖД»",
        "operator:branch": "Горьковская железная дорога",
        "public_transport": "station",
        "railway": "station",
        "train": "yes",
        "uic_ref": "2060519"
      },
      "geometry": {
        "type": "Point",
        "coordinates": [
          53.0125688,
          56.9627426
        ]
      },
      "id": "node/330283910"
    },
    {
      "type": "Feature",
      "properties": {
        "@id": "node/339513595",
        "esr:user": "272301",
        "internet_access": "yes",
        "name": "Опарино",
        "operator": "ОАО «РЖД»",
        "operator:branch": "Горьковская железная дорога",
        "public_transport": "station",
        "railway": "station",
        "train": "yes",
        "uic_name": "Oparino",
        "uic_ref": "2060470"
      },
      "geometry": {
        "type": "Point",
        "coordinates": [
          48.2747556,
          59.848723
        ]
      },
      "id": "node/339513595"
    },
    {
      "type": "Feature",
      "properties": {
        "@id": "node/359120647",
        "esr:user": "275206",
        "gauge": "1520",
        "name": "Пещёра",
        "operator": "ОАО «РЖД»",
        "operator:branch": "Горьковская железная дорога",
        "operator:official": "Горьковская дирекция управления движением АО «РЖД»",
        "public_transport": "station",
        "railway": "station",
        "train": "yes",
        "uic_name": "Peshera",
        "uic_ref": "2060035"
      },
      "geometry": {
        "type": "Point",
        "coordinates": [
          52.3293293,
          59.1854025
        ]
      },
      "id": "node/359120647"
    },
    {
      "type": "Feature",
      "properties": {
        "@id": "node/410721438",
        "description": "Станция 4 класса, ордината оси КМ525.000, открыта в 1927 году в составе пускового комплекса Моховые Горы - Котельнич.",
        "esr:user": "265900",
        "name": "Керженец",
        "name:en": "Kerzhenec",
        "name:ja": "ケルジェニェッツ",
        "name:ru": "Керженец",
        "operator": "ОАО «РЖД»",
        "operator:branch": "Горьковская железная дорога",
        "public_transport": "station",
        "railway": "station",
        "train": "yes",
        "uic_ref": "2060457"
      },
      "geometry": {
        "type": "Point",
        "coordinates": [
          44.621123,
          56.9163109
        ]
      },
      "id": "node/410721438"
    },
    {
      "type": "Feature",
      "properties": {
        "@id": "node/425217181",
        "alt_name": "Муром I",
        "esr:user": "240000",
        "name": "Муром 1",
        "name:zh": "穆罗姆 1",
        "operator": "ОАО «РЖД»",
        "operator:branch": "Горьковская железная дорога",
        "public_transport": "station",
        "railway": "station",
        "train": "yes",
        "uic_name": "Murom 1",
        "uic_ref": "2060370"
      },
      "geometry": {
        "type": "Point",
        "coordinates": [
          42.0168943,
          55.5636072
        ]
      },
      "id": "node/425217181"
    },
    {
      "type": "Feature",
      "properties": {
        "@id": "node/425491406",
        "description": "Станция 2 класса Кировского региона Горьковской железной дороги - филиала ОАО \"РЖД\". Ордината оси КМ117.900. Открыта в 1899 году.",
        "esr:user": "271900",
        "name": "Мураши",
        "operator": "ОАО «РЖД»",
        "operator:branch": "Горьковская железная дорога",
        "public_transport": "station",
        "railway": "station",
        "train": "yes",
        "uic_name": "Murashi",
        "uic_ref": "2060460"
      },
      "geometry": {
        "type": "Point",
        "coordinates": [
          48.9637465,
          59.3968248
        ]
      },
      "id": "node/425491406"
    },
    {
      "type": "Feature",
      "properties": {
        "@id": "node/425514601",
        "description": "Станция 5 класса Кировского региона Горьковской железной дороги - филиала АО «РЖД». Ордината оси КМ124.500. Открыта в 1951 году.",
        "esr:user": "271915",
        "name": "Комсомольский",
        "operator": "ОАО «РЖД»",
        "operator:branch": "Горьковская железная дорога",
        "operator:official": "Горьковская дирекция управления движением АО «РЖД»",
        "public_transport": "station",
        "railway": "station",
        "train": "yes",
        "uic_name": "Komsomolskiy",
        "uic_ref": "2060939"
      },
      "geometry": {
        "type": "Point",
        "coordinates": [
          48.9048699,
          59.4445536
        ]
      },
      "id": "node/425514601"
    },
    {
      "type": "Feature",
      "properties": {
        "@id": "node/425515388",
        "description": "Станция 4 класса Кировского региона Горьковской железной дороги - филиала АО «РЖД». Ордината оси КМ133.500. Открыта в 1932 году.",
        "esr:user": "272000",
        "name": "Безбожник",
        "operator": "ОАО «РЖД»",
        "operator:branch": "Горьковская железная дорога",
        "operator:official": "Горьковская дирекция управления движением АО «РЖД»",
        "public_transport": "station",
        "railway": "station",
        "train": "yes",
        "uic_name": "Bezbojnik",
        "uic_ref": "2060484"
      },
      "geometry": {
        "type": "Point",
        "coordinates": [
          48.8141384,
          59.5111281
        ]
      },
      "id": "node/425515388"
    },
    {
      "type": "Feature",
      "properties": {
        "@id": "node/425516286",
        "esr:user": "272208",
        "name": "Вазюк",
        "operator": "ОАО «РЖД»",
        "operator:branch": "Горьковская железная дорога",
        "operator:official": "Горьковская дирекция управления движением АО «РЖД»",
        "public_transport": "station",
        "railway": "station",
        "train": "yes",
        "uic_name": "Vazjuk",
        "uic_ref": "2060487"
      },
      "geometry": {
        "type": "Point",
        "coordinates": [
          48.5051434,
          59.683082
        ]
      },
      "id": "node/425516286"
    },
    {
      "type": "Feature",
      "properties": {
        "@id": "node/442945614",
        "esr:user": "272509",
        "name": "Альмеж",
        "operator": "ОАО «РЖД»",
        "operator:branch": "Горьковская железная дорога",
        "operator:official": "Горьковская дирекция управления движением АО «РЖД»",
        "public_transport": "station",
        "railway": "station",
        "train": "yes",
        "uic_name": "Almej",
        "uic_ref": "2060488"
      },
      "geometry": {
        "type": "Point",
        "coordinates": [
          48.0429378,
          60.0524134
        ]
      },
      "id": "node/442945614"
    },
    {
      "type": "Feature",
      "properties": {
        "@id": "node/442948922",
        "esr:user": "272405",
        "name": "Латышский",
        "operator": "ОАО «РЖД»",
        "operator:branch": "Горьковская железная дорога",
        "public_transport": "station",
        "railway": "station",
        "train": "yes",
        "uic_name": "Latishskij",
        "uic_ref": "2060016"
      },
      "geometry": {
        "type": "Point",
        "coordinates": [
          48.1721661,
          59.9480247
        ]
      },
      "id": "node/442948922"
    },
    {
      "type": "Feature",
      "properties": {
        "@id": "node/443286320",
        "esr:user": "272212",
        "name": "Нагибино",
        "operator": "ОАО «РЖД»",
        "operator:branch": "Горьковская железная дорога",
        "operator:official": "Горьковская дирекция управления движением АО «РЖД»",
        "public_transport": "station",
        "railway": "station",
        "train": "yes",
        "uic_name": "Nagibino",
        "uic_ref": "2060749"
      },
      "geometry": {
        "type": "Point",
        "coordinates": [
          48.4169631,
          59.7272885
        ]
      },
      "id": "node/443286320"
    },
    {
      "type": "Feature",
      "properties": {
        "@id": "node/443288021",
        "esr:user": "272104",
        "internet_access": "yes",
        "name": "Староверческая",
        "operator": "ОАО «РЖД»",
        "operator:branch": "Горьковская железная дорога",
        "operator:official": "Горьковская дирекция управления движением АО «РЖД»",
        "public_transport": "station",
        "railway": "station",
        "train": "yes",
        "uic_name": "Starovercheskaya",
        "uic_ref": "2060486"
      },
      "geometry": {
        "type": "Point",
        "coordinates": [
          48.6199133,
          59.6281722
        ]
      },
      "id": "node/443288021"
    },
    {
      "type": "Feature",
      "properties": {
        "@id": "node/449798828",
        "esr:user": "251108",
        "name": "Васильево",
        "name:en": "Vasilevo",
        "name:ja": "ヴァシーリエヴォ",
        "name:ru": "Васильево",
        "operator": "ОАО «РЖД»",
        "operator:branch": "Горьковская железная дорога",
        "public_transport": "station",
        "railway": "station",
        "train": "yes",
        "uic_ref": "2061423"
      },
      "geometry": {
        "type": "Point",
        "coordinates": [
          48.7072293,
          55.8381237
        ]
      },
      "id": "node/449798828"
    },
    {
      "type": "Feature",
      "properties": {
        "@id": "node/450754586",
        "esr:user": "264216",
        "name": "Великое Озеро",
        "operator": "ОАО «РЖД»",
        "operator:branch": "Горьковская железная дорога",
        "public_transport": "station",
        "railway": "station",
        "train": "yes",
        "uic_ref": "2061501"
      },
      "geometry": {
        "type": "Point",
        "coordinates": [
          42.784344,
          56.2952804
        ]
      },
      "id": "node/450754586"
    },
    {
      "type": "Feature",
      "properties": {
        "@id": "node/485545210",
        "alt_name": "Казань-2",
        "esr:user": "250919",
        "name": "Восстание-Пассажирская",
        "operator": "ОАО «РЖД»",
        "operator:branch": "Горьковская железная дорога",
        "public_transport": "station",
        "railway": "station",
        "train": "yes",
        "uic_name": "Wosstanie Passajirsk",
        "uic_ref": "2060961",
        "wikidata": "Q33820"
      },
      "geometry": {
        "type": "Point",
        "coordinates": [
          49.0795717,
          55.8430534
        ]
      },
      "id": "node/485545210"
    },
    {
      "type": "Feature",
      "properties": {
        "@id": "node/494257985",
        "esr:user": "262009",
        "name": "Заволжье",
        "operator": "ОАО «РЖД»",
        "operator:branch": "Горьковская железная дорога",
        "railway": "station",
        "train": "yes"
      },
      "geometry": {
        "type": "Point",
        "coordinates": [
          43.4114017,
          56.6335757
        ]
      },
      "id": "node/494257985"
    },
    {
      "type": "Feature",
      "properties": {
        "@id": "node/506238406",
        "esr:user": "268804",
        "name": "Сечуга",
        "operator": "ОАО «РЖД»",
        "operator:branch": "Горьковская железная дорога",
        "public_transport": "station",
        "railway": "station",
        "train": "yes",
        "uic_name": "Sechuga",
        "uic_ref": "2060401"
      },
      "geometry": {
        "type": "Point",
        "coordinates": [
          43.8713347,
          55.7282667
        ]
      },
      "id": "node/506238406"
    },
    {
      "type": "Feature",
      "properties": {
        "@id": "node/513142005",
        "name": "Суроватиха",
        "operator": "ОАО «РЖД»",
        "operator:branch": "Горьковская железная дорога",
        "public_transport": "station",
        "railway": "station",
        "train": "yes"
      },
      "geometry": {
        "type": "Point",
        "coordinates": [
          43.8990349,
          55.7633493
        ]
      },
      "id": "node/513142005"
    },
    {
      "type": "Feature",
      "properties": {
        "@id": "node/513142099",
        "description": "разъезд",
        "esr:user": "269012",
        "name": "296 км",
        "operator": "ОАО «РЖД»",
        "operator:branch": "Горьковская железная дорога",
        "public_transport": "station",
        "railway": "station",
        "train": "yes",
        "uic_ref": "2060991"
      },
      "geometry": {
        "type": "Point",
        "coordinates": [
          43.7770717,
          55.9165173
        ]
      },
      "id": "node/513142099"
    },
    {
      "type": "Feature",
      "properties": {
        "@id": "node/513142164",
        "description": "разъезд",
        "esr:user": "269031",
        "name": "Килелей",
        "old_name": "310 км",
        "operator": "ОАО «РЖД»",
        "operator:branch": "Горьковская железная дорога",
        "public_transport": "station",
        "railway": "station",
        "train": "yes",
        "uic_ref": "2060990"
      },
      "geometry": {
        "type": "Point",
        "coordinates": [
          43.8365087,
          56.0205078
        ]
      },
      "id": "node/513142164"
    },
    {
      "type": "Feature",
      "properties": {
        "@id": "node/513142187",
        "esr:user": "268611",
        "name": "Соловейко",
        "operator": "ОАО «РЖД»",
        "operator:branch": "Горьковская железная дорога",
        "public_transport": "station",
        "railway": "station",
        "train": "yes",
        "uic_ref": "2060397"
      },
      "geometry": {
        "type": "Point",
        "coordinates": [
          43.8060172,
          55.446506
        ]
      },
      "id": "node/513142187"
    },
    {
      "type": "Feature",
      "properties": {
        "@id": "node/513142189",
        "esr:user": "268607",
        "name": "Пологовка",
        "operator": "ОАО «РЖД»",
        "operator:branch": "Горьковская железная дорога",
        "public_transport": "station",
        "railway": "station",
        "train": "yes",
        "uic_ref": "2060398"
      },
      "geometry": {
        "type": "Point",
        "coordinates": [
          43.816393,
          55.4996502
        ]
      },
      "id": "node/513142189"
    },
    {
      "type": "Feature",
      "properties": {
        "@id": "node/513142194",
        "esr:user": "268700",
        "name": "Серёжа",
        "operator": "ОАО «РЖД»",
        "operator:branch": "Горьковская железная дорога",
        "public_transport": "station",
        "railway": "station",
        "train": "yes",
        "uic_ref": "2060399"
      },
      "geometry": {
        "type": "Point",
        "coordinates": [
          43.7910895,
          55.6008841
        ]
      },
      "id": "node/513142194"
    },
    {
      "type": "Feature",
      "properties": {
        "@id": "node/513142196",
        "esr:user": "268715",
        "name": "Черемас",
        "operator": "ОАО «РЖД»",
        "operator:branch": "Горьковская железная дорога",
        "public_transport": "station",
        "railway": "station",
        "train": "yes",
        "uic_ref": "2060063"
      },
      "geometry": {
        "type": "Point",
        "coordinates": [
          43.8223899,
          55.6696513
        ]
      },
      "id": "node/513142196"
    },
    {
      "type": "Feature",
      "properties": {
        "@id": "node/513142199",
        "esr:user": "269065",
        "name": "Шониха",
        "operator": "ОАО «РЖД»",
        "operator:branch": "Горьковская железная дорога",
        "public_transport": "station",
        "railway": "station",
        "train": "yes",
        "uic_ref": "2060403"
      },
      "geometry": {
        "type": "Point",
        "coordinates": [
          43.818456,
          55.8604342
        ]
      },
      "id": "node/513142199"
    },
    {
      "type": "Feature",
      "properties": {
        "@id": "node/513142203",
        "esr:user": "269027",
        "name": "Зименки",
        "operator": "ОАО «РЖД»",
        "operator:branch": "Горьковская железная дорога",
        "public_transport": "station",
        "railway": "station",
        "train": "yes",
        "uic_ref": "2060438"
      },
      "geometry": {
        "type": "Point",
        "coordinates": [
          43.8451948,
          55.9739526
        ]
      },
      "id": "node/513142203"
    },
    {
      "type": "Feature",
      "properties": {
        "@id": "node/513142209",
        "esr:user": "269046",
        "name": "Чаглово",
        "operator": "ОАО «РЖД»",
        "operator:branch": "Горьковская железная дорога",
        "public_transport": "station",
        "railway": "station",
        "train": "yes",
        "uic_ref": "2060439"
      },
      "geometry": {
        "type": "Point",
        "coordinates": [
          43.8373626,
          56.0743449
        ]
      },
      "id": "node/513142209"
    },
    {
      "type": "Feature",
      "properties": {
        "@id": "node/566425868",
        "esr:user": "261350",
        "name": "Козино",
        "operator": "ОАО «РЖД»",
        "operator:branch": "Горьковская железная дорога",
        "public_transport": "station",
        "railway": "station",
        "train": "yes",
        "uic_ref": "2061460"
      },
      "geometry": {
        "type": "Point",
        "coordinates": [
          43.7111113,
          56.4040236
        ]
      },
      "id": "node/566425868"
    },
    {
      "type": "Feature",
      "properties": {
        "@id": "node/566451955",
        "esr:user": "269601",
        "name": "Зелецино",
        "operator": "ОАО «РЖД»",
        "operator:branch": "Горьковская железная дорога",
        "railway": "station",
        "train": "yes",
        "uic_ref": "2060771"
      },
      "geometry": {
        "type": "Point",
        "coordinates": [
          44.1348325,
          56.1375856
        ]
      },
      "id": "node/566451955"
    },
    {
      "type": "Feature",
      "properties": {
        "@id": "node/577554335",
        "description": "Самое, пожалуй, странное название станции на всей сети РЖД. Никаких бумкомбинатов тут и поблизости НИКОГДА не было, нет, и вряд ли будут. Если только не совершенно секретный, подземный, трижды имени Путина В.В...",
        "esr:user": "273520",
        "name": "Бумкомбинат",
        "operator": "ОАО «РЖД»",
        "operator:branch": "Горьковская железная дорога",
        "operator:official": "Горьковская дирекция управления движением АО «РЖД»",
        "public_transport": "station",
        "railway": "station",
        "train": "yes",
        "uic_ref": "2060497"
      },
      "geometry": {
        "type": "Point",
        "coordinates": [
          50.0742875,
          58.4642486
        ]
      },
      "id": "node/577554335"
    },
    {
      "type": "Feature",
      "properties": {
        "@id": "node/577554402",
        "esr:user": "273709",
        "name": "Просница",
        "name:ru": "Про́сница",
        "operator": "ОАО «РЖД»",
        "operator:branch": "Горьковская железная дорога",
        "public_transport": "station",
        "railway": "station",
        "train": "yes",
        "uic_name": "Prosniza",
        "uic_ref": "2060498"
      },
      "geometry": {
        "type": "Point",
        "coordinates": [
          50.2324168,
          58.4373436
        ]
      },
      "id": "node/577554402"
    },
    {
      "type": "Feature",
      "properties": {
        "@id": "node/577554654",
        "esr:user": "273732",
        "name": "Ардаши",
        "operator": "ОАО «РЖД»",
        "operator:branch": "Горьковская железная дорога",
        "operator:official": "Горьковская дирекция управления движением АО «РЖД»",
        "public_transport": "station",
        "railway": "station",
        "train": "yes",
        "uic_ref": "2060499"
      },
      "geometry": {
        "type": "Point",
        "coordinates": [
          50.636837,
          58.4628984
        ]
      },
      "id": "node/577554654"
    },
    {
      "type": "Feature",
      "properties": {
        "@id": "node/577554757",
        "esr:user": "274006",
        "name": "Зуевка",
        "operator": "ОАО «РЖД»",
        "operator:branch": "Горьковская железная дорога",
        "public_transport": "station",
        "railway": "station",
        "train": "yes",
        "uic_name": "Suewka",
        "uic_ref": "2060480"
      },
      "geometry": {
        "type": "Point",
        "coordinates": [
          51.1340427,
          58.4039909
        ]
      },
      "id": "node/577554757"
    },
    {
      "type": "Feature",
      "properties": {
        "@id": "node/583507099",
        "esr:user": "246103",
        "name": "Берещино",
        "name:ru": "Берещино",
        "operator": "ОАО «РЖД»",
        "operator:branch": "Горьковская железная дорога",
        "public_transport": "station",
        "railway": "station",
        "train": "yes",
        "uic_name": "Bereschino",
        "uic_ref": "2060408"
      },
      "geometry": {
        "type": "Point",
        "coordinates": [
          43.6986803,
          54.9430037
        ]
      },
      "id": "node/583507099"
    },
    {
      "type": "Feature",
      "properties": {
        "@id": "node/588591869",
        "alt_name": "Нефтекамск-Грузовая",
        "esr:user": "257602",
        "name": "Нефтекамск",
        "operator": "ОАО «РЖД»",
        "operator:branch": "Горьковская железная дорога",
        "public_transport": "station",
        "railway": "station",
        "train": "yes",
        "uic_ref": "2060538"
      },
      "geometry": {
        "type": "Point",
        "coordinates": [
          54.286991,
          56.1350663
        ]
      },
      "id": "node/588591869"
    },
    {
      "type": "Feature",
      "properties": {
        "@id": "node/601230691",
        "esr:user": "245802",
        "name": "Шатки",
        "name:ja": "シャトキー",
        "operator": "ОАО «РЖД»",
        "operator:branch": "Горьковская железная дорога",
        "public_transport": "station",
        "railway": "station",
        "train": "yes",
        "uic_name": "Schatki",
        "uic_ref": "2060409"
      },
      "geometry": {
        "type": "Point",
        "coordinates": [
          44.1107496,
          55.1896994
        ]
      },
      "id": "node/601230691"
    },
    {
      "type": "Feature",
      "properties": {
        "@id": "node/601247665",
        "description": "Станция 5 класса Горьковского региона Горьковской железной дороги - филиала ОАО \"РЖД\". Ордината оси КМ671.100. Открыта в 1935 году.",
        "esr:user": "266917",
        "name": "Зубанья",
        "operator": "ОАО «РЖД»",
        "operator:branch": "Горьковская железная дорога",
        "public_transport": "station",
        "railway": "station",
        "train": "yes",
        "uic_ref": "2060463"
      },
      "geometry": {
        "type": "Point",
        "coordinates": [
          46.4814814,
          57.6437595
        ]
      },
      "id": "node/601247665"
    },
    {
      "type": "Feature",
      "properties": {
        "@id": "node/609457925",
        "esr:user": "251606",
        "name": "Помары",
        "operator": "ОАО «РЖД»",
        "operator:branch": "Горьковская железная дорога",
        "public_transport": "station",
        "railway": "station",
        "train": "yes",
        "uic_name": "Pomari",
        "uic_ref": "2060604"
      },
      "geometry": {
        "type": "Point",
        "coordinates": [
          48.4193138,
          55.9637199
        ]
      },
      "id": "node/609457925"
    },
    {
      "type": "Feature",
      "properties": {
        "@id": "node/609774610",
        "esr:user": "249409",
        "name": "Буа",
        "operator": "ОАО «РЖД»",
        "operator:branch": "Горьковская железная дорога",
        "public_transport": "station",
        "railway": "station",
        "train": "yes",
        "uic_name": "Bua",
        "uic_ref": "2002445"
      },
      "geometry": {
        "type": "Point",
        "coordinates": [
          48.2640212,
          54.9642113
        ]
      },
      "id": "node/609774610"
    },
    {
      "type": "Feature",
      "properties": {
        "@id": "node/609774762",
        "esr:user": "249314",
        "name": "Кильдуразы",
        "operator": "ОАО «РЖД»",
        "operator:branch": "Горьковская железная дорога",
        "public_transport": "station",
        "railway": "station",
        "train": "yes",
        "uic_ref": "2060611"
      },
      "geometry": {
        "type": "Point",
        "coordinates": [
          48.3112272,
          55.1670648
        ]
      },
      "id": "node/609774762"
    },
    {
      "type": "Feature",
      "properties": {
        "@id": "node/609774941",
        "esr:user": "249112",
        "name": "Кубня",
        "operator": "ОАО «РЖД»",
        "operator:branch": "Горьковская железная дорога",
        "public_transport": "station",
        "railway": "station",
        "train": "yes",
        "uic_ref": "2060606"
      },
      "geometry": {
        "type": "Point",
        "coordinates": [
          48.3617182,
          55.5361721
        ]
      },
      "id": "node/609774941"
    },
    {
      "type": "Feature",
      "properties": {
        "@id": "node/609824689",
        "esr:user": "276406",
        "name": "Ува 1",
        "operator": "ОАО «РЖД»",
        "operator:branch": "Горьковская железная дорога",
        "public_transport": "station",
        "railway": "station",
        "train": "yes",
        "uic_ref": "2060523"
      },
      "geometry": {
        "type": "Point",
        "coordinates": [
          52.1801187,
          56.9890603
        ]
      },
      "id": "node/609824689"
    },
    {
      "type": "Feature",
      "properties": {
        "@id": "node/609825573",
        "esr:user": "276834",
        "name": "Азино",
        "operator": "ОАО «РЖД»",
        "operator:branch": "Горьковская железная дорога",
        "public_transport": "station",
        "railway": "station",
        "train": "yes",
        "uic_ref": "2060525"
      },
      "geometry": {
        "type": "Point",
        "coordinates": [
          52.7056562,
          56.975276
        ]
      },
      "id": "node/609825573"
    },
    {
      "type": "Feature",
      "properties": {
        "@id": "node/652436214",
        "esr:user": "251502",
        "name": "Волжск",
        "name:ja": "ヴォルシスク",
        "operator": "ОАО «РЖД»",
        "operator:branch": "Горьковская железная дорога",
        "public_transport": "station",
        "railway": "station",
        "train": "yes",
        "uic_ref": "2060632"
      },
      "geometry": {
        "type": "Point",
        "coordinates": [
          48.3620109,
          55.8624401
        ]
      },
      "id": "node/652436214"
    },
    {
      "type": "Feature",
      "properties": {
        "@id": "node/653937428",
        "esr:user": "251428",
        "name": "Краснозаринский",
        "operator": "ОАО «РЖД»",
        "operator:branch": "Горьковская железная дорога",
        "public_transport": "station",
        "railway": "station",
        "train": "yes",
        "uic_ref": "2061553"
      },
      "geometry": {
        "type": "Point",
        "coordinates": [
          48.4267247,
          55.8423442
        ]
      },
      "id": "node/653937428"
    },
    {
      "type": "Feature",
      "properties": {
        "@id": "node/656633446",
        "contact:email": "dzd16@ya.ru",
        "contact:phone": "+7 (843) 294-23-05 ;+7 (843) 294-23-02",
        "contact:vk": "https://vk.com/dzd_kazan",
        "name": "Молодёжная",
        "operator": "ОАО «РЖД»",
        "operator:branch": "Горьковская железная дорога",
        "public_transport": "station",
        "railway": "station",
        "train": "yes",
        "website": "https://company.rzd.ru/ru/9349/page/105554?id=110"
      },
      "geometry": {
        "type": "Point",
        "coordinates": [
          48.8937736,
          55.843797
        ]
      },
      "id": "node/656633446"
    },
    {
      "type": "Feature",
      "properties": {
        "@id": "node/667440529",
        "esr:user": "258234",
        "name": "Трун",
        "operator": "ОАО «РЖД»",
        "operator:branch": "Горьковская железная дорога",
        "public_transport": "station",
        "railway": "station",
        "train": "yes",
        "uic_ref": "2060053"
      },
      "geometry": {
        "type": "Point",
        "coordinates": [
          56.3276042,
          56.4529988
        ]
      },
      "id": "node/667440529"
    },
    {
      "type": "Feature",
      "properties": {
        "@id": "node/667934492",
        "esr:user": "256506",
        "name": "Армязь",
        "operator": "ОАО «РЖД»",
        "operator:branch": "Горьковская железная дорога",
        "public_transport": "station",
        "railway": "station",
        "train": "yes",
        "uic_ref": "2060535"
      },
      "geometry": {
        "type": "Point",
        "coordinates": [
          53.9315817,
          56.4107959
        ]
      },
      "id": "node/667934492"
    },
    {
      "type": "Feature",
      "properties": {
        "@id": "node/678583818",
        "esr:user": "273200",
        "name": "Сусоловка",
        "name:ru:word_stress": "Су́соловка",
        "operator": "ОАО «РЖД»",
        "operator:branch": "Горьковская железная дорога",
        "public_transport": "station",
        "railway": "station",
        "train": "yes",
        "uic_name": "Susolovka",
        "uic_ref": "2060496"
      },
      "geometry": {
        "type": "Point",
        "coordinates": [
          47.0609637,
          60.8174895
        ]
      },
      "id": "node/678583818"
    },
    {
      "type": "Feature",
      "properties": {
        "@id": "node/689037544",
        "esr:user": "263707",
        "name": "Вязники",
        "operator": "ОАО «РЖД»",
        "operator:branch": "Горьковская железная дорога",
        "public_transport": "station",
        "railway": "station",
        "train": "yes",
        "uic_name": "Wjasniki",
        "uic_ref": "2060360"
      },
      "geometry": {
        "type": "Point",
        "coordinates": [
          42.1683075,
          56.202102
        ]
      },
      "id": "node/689037544"
    },
    {
      "type": "Feature",
      "properties": {
        "@id": "node/701023473",
        "esr:user": "251803",
        "name": "Шелангер",
        "operator": "ОАО «РЖД»",
        "operator:branch": "Горьковская железная дорога",
        "platforms": "1",
        "public_transport": "station",
        "railway": "station",
        "train": "yes",
        "uic_name": "Schelanger",
        "uic_ref": "2060602"
      },
      "geometry": {
        "type": "Point",
        "coordinates": [
          48.2485737,
          56.2191177
        ]
      },
      "id": "node/701023473"
    },
    {
      "type": "Feature",
      "properties": {
        "@id": "node/701023477",
        "esr:user": "252312",
        "name": "Куяр",
        "operator": "ОАО «РЖД»",
        "operator:branch": "Горьковская железная дорога",
        "public_transport": "station",
        "railway": "station",
        "train": "yes",
        "uic_ref": "2060596"
      },
      "geometry": {
        "type": "Point",
        "coordinates": [
          47.9876987,
          56.5534707
        ]
      },
      "id": "node/701023477"
    },
    {
      "type": "Feature",
      "properties": {
        "@id": "node/701023507",
        "esr:user": "252219",
        "name": "Пемба",
        "operator": "ОАО «РЖД»",
        "operator:branch": "Горьковская железная дорога",
        "public_transport": "station",
        "railway": "station",
        "train": "yes",
        "uic_ref": "2061529"
      },
      "geometry": {
        "type": "Point",
        "coordinates": [
          48.0501423,
          56.511673
        ]
      },
      "id": "node/701023507"
    },
    {
      "type": "Feature",
      "properties": {
        "@id": "node/701023510",
        "esr:user": "252100",
        "name": "Сурок",
        "operator": "ОАО «РЖД»",
        "operator:branch": "Горьковская железная дорога",
        "public_transport": "station",
        "railway": "station",
        "train": "yes",
        "uic_ref": "2060598"
      },
      "geometry": {
        "type": "Point",
        "coordinates": [
          48.1249012,
          56.4430544
        ]
      },
      "id": "node/701023510"
    },
    {
      "type": "Feature",
      "properties": {
        "@id": "node/701023522",
        "esr:user": "251907",
        "name": "Суслонгер",
        "name:ja": "ススロンゲル",
        "operator": "ОАО «РЖД»",
        "operator:branch": "Горьковская железная дорога",
        "public_transport": "station",
        "railway": "station",
        "train": "yes",
        "uic_ref": "2060601"
      },
      "geometry": {
        "type": "Point",
        "coordinates": [
          48.2502764,
          56.310337
        ]
      },
      "id": "node/701023522"
    },
    {
      "type": "Feature",
      "properties": {
        "@id": "node/702031185",
        "esr:user": "252420",
        "name": "Аксаматово",
        "operator": "ОАО «РЖД»",
        "operator:branch": "Горьковская железная дорога",
        "public_transport": "station",
        "railway": "station",
        "train": "yes",
        "uic_ref": "2060595"
      },
      "geometry": {
        "type": "Point",
        "coordinates": [
          47.803325,
          56.6288989
        ]
      },
      "id": "node/702031185"
    },
    {
      "type": "Feature",
      "properties": {
        "@id": "node/703573164",
        "esr:user": "249305",
        "name": "Каратун",
        "operator": "ОАО «РЖД»",
        "operator:branch": "Горьковская железная дорога",
        "public_transport": "station",
        "railway": "station",
        "train": "yes",
        "uic_name": "Karatun",
        "uic_ref": "2060609"
      },
      "geometry": {
        "type": "Point",
        "coordinates": [
          48.3995735,
          55.2332798
        ]
      },
      "id": "node/703573164"
    },
    {
      "type": "Feature",
      "properties": {
        "@id": "node/733881086",
        "esr:user": "258501",
        "name": "Чад",
        "operator": "ОАО «РЖД»",
        "operator:branch": "Горьковская железная дорога",
        "public_transport": "station",
        "railway": "station",
        "train": "yes",
        "uic_name": "Tschad",
        "uic_ref": "2060590"
      },
      "geometry": {
        "type": "Point",
        "coordinates": [
          57.2051419,
          56.5088016
        ]
      },
      "id": "node/733881086"
    },
    {
      "type": "Feature",
      "properties": {
        "@id": "node/789884582",
        "esr:user": "243506",
        "name": "Бутылицы",
        "operator": "ОАО «РЖД»",
        "operator:branch": "Горьковская железная дорога",
        "public_transport": "station",
        "railway": "station",
        "train": "yes",
        "uic_ref": "2060385"
      },
      "geometry": {
        "type": "Point",
        "coordinates": [
          41.5067301,
          55.5063452
        ]
      },
      "id": "node/789884582"
    },
    {
      "type": "Feature",
      "properties": {
        "@id": "node/900782882",
        "esr:user": "262600",
        "name": "Юрьевец",
        "name:en": "Yuryevets",
        "operator": "ОАО «РЖД»",
        "operator:branch": "Горьковская железная дорога",
        "public_transport": "station",
        "railway": "station",
        "train": "yes",
        "uic_ref": "2060342",
        "wikidata": "Q4535256",
        "wikipedia": "ru:Юрьевец (станция)"
      },
      "geometry": {
        "type": "Point",
        "coordinates": [
          40.2801269,
          56.0927418
        ]
      },
      "id": "node/900782882"
    },
    {
      "type": "Feature",
      "properties": {
        "@id": "node/903982104",
        "esr:user": "255503",
        "name": "Позимь",
        "operator": "ОАО «РЖД»",
        "operator:branch": "Горьковская железная дорога",
        "public_transport": "station",
        "railway": "station",
        "train": "yes",
        "uic_ref": "2061439"
      },
      "geometry": {
        "type": "Point",
        "coordinates": [
          53.2489732,
          56.8248195
        ]
      },
      "id": "node/903982104"
    },
    {
      "type": "Feature",
      "properties": {
        "@id": "node/903982129",
        "esr:user": "275901",
        "name": "Пибаньшур",
        "name:ru": "Пибаньшу́р",
        "operator": "ОАО «РЖД»",
        "operator:branch": "Горьковская железная дорога",
        "operator:official": "Горьковская дирекция управления движением АО «РЖД»",
        "public_transport": "station",
        "railway": "station",
        "train": "yes",
        "uic_ref": "2060507"
      },
      "geometry": {
        "type": "Point",
        "coordinates": [
          53.2736548,
          57.8728227
        ]
      },
      "id": "node/903982129"
    },
    {
      "type": "Feature",
      "properties": {
        "@id": "node/903982135",
        "esr:user": "255804",
        "name": "Воткинск",
        "name:ja": "ヴォトキンスク",
        "operator": "ОАО «РЖД»",
        "operator:branch": "Горьковская железная дорога",
        "public_transport": "station",
        "railway": "station",
        "train": "yes",
        "uic_ref": "2060563"
      },
      "geometry": {
        "type": "Point",
        "coordinates": [
          54.0172603,
          57.0419977
        ]
      },
      "id": "node/903982135"
    },
    {
      "type": "Feature",
      "properties": {
        "@id": "node/903982137",
        "esr:user": "255630",
        "name": "Болгуры",
        "name:en": "Bolgury",
        "name:udm": "Болгуры",
        "official_status": "разъезд",
        "operator": "ОАО «РЖД»",
        "operator:branch": "Горьковская железная дорога",
        "public_transport": "station",
        "railway": "station",
        "train": "yes",
        "uic_ref": "2061613",
        "wikidata": "Q16274529",
        "wikipedia": "ru:Болгуры (разъезд)"
      },
      "geometry": {
        "type": "Point",
        "coordinates": [
          53.7731272,
          56.9382189
        ]
      },
      "id": "node/903982137"
    },
    {
      "type": "Feature",
      "properties": {
        "@id": "node/903982168",
        "esr:user": "277517",
        "name": "Меньил",
        "operator": "ОАО «РЖД»",
        "operator:branch": "Горьковская железная дорога",
        "public_transport": "station",
        "railway": "station",
        "train": "yes",
        "uic_ref": "2060512"
      },
      "geometry": {
        "type": "Point",
        "coordinates": [
          53.098876,
          57.6268609
        ]
      },
      "id": "node/903982168"
    },
    {
      "type": "Feature",
      "properties": {
        "@id": "node/903982170",
        "esr:user": "277004",
        "name": "Чур",
        "operator": "ОАО «РЖД»",
        "operator:branch": "Горьковская железная дорога",
        "public_transport": "station",
        "railway": "station",
        "train": "yes",
        "uic_ref": "2060517"
      },
      "geometry": {
        "type": "Point",
        "coordinates": [
          52.966585,
          57.1158971
        ]
      },
      "id": "node/903982170"
    },
    {
      "type": "Feature",
      "properties": {
        "@id": "node/913291907",
        "esr:user": "254996",
        "name": "Юски",
        "operator": "ОАО «РЖД»",
        "operator:branch": "Горьковская железная дорога",
        "public_transport": "station",
        "railway": "station",
        "train": "yes",
        "uic_ref": "2061416"
      },
      "geometry": {
        "type": "Point",
        "coordinates": [
          53.0757979,
          56.6168136
        ]
      },
      "id": "node/913291907"
    },
    {
      "type": "Feature",
      "properties": {
        "@id": "node/913504601",
        "esr:user": "248904",
        "name": "Тюрлема",
        "name:cv": "Тӗрлемес",
        "operator": "ОАО «РЖД»",
        "operator:branch": "Горьковская железная дорога",
        "public_transport": "station",
        "railway": "station",
        "train": "yes",
        "uic_ref": "2060586"
      },
      "geometry": {
        "type": "Point",
        "coordinates": [
          48.2253156,
          55.7566912
        ]
      },
      "id": "node/913504601"
    },
    {
      "type": "Feature",
      "properties": {
        "@id": "node/919690240",
        "esr:user": "258802",
        "name": "Саранинский Завод",
        "operator": "ОАО «РЖД»",
        "operator:branch": "Горьковская железная дорога",
        "public_transport": "station",
        "railway": "station",
        "train": "yes",
        "uic_name": "Saraninskij zavod",
        "uic_ref": "2060553"
      },
      "geometry": {
        "type": "Point",
        "coordinates": [
          57.6652684,
          56.5061277
        ]
      },
      "id": "node/919690240"
    },
    {
      "type": "Feature",
      "properties": {
        "@id": "node/919690307",
        "esr:user": "258709",
        "name": "Пудлинговый",
        "operator": "ОАО «РЖД»",
        "operator:branch": "Горьковская железная дорога",
        "public_transport": "station",
        "railway": "station",
        "train": "yes",
        "uic_name": "Pudlingovij",
        "uic_ref": "2060552"
      },
      "geometry": {
        "type": "Point",
        "coordinates": [
          57.5422826,
          56.4998482
        ]
      },
      "id": "node/919690307"
    },
    {
      "type": "Feature",
      "properties": {
        "@id": "node/919690321",
        "esr:user": "258427",
        "name": "Бартым",
        "operator": "ОАО «РЖД»",
        "operator:branch": "Горьковская железная дорога",
        "public_transport": "station",
        "railway": "station",
        "train": "yes",
        "uic_ref": "2060547"
      },
      "geometry": {
        "type": "Point",
        "coordinates": [
          56.9406894,
          56.4589175
        ]
      },
      "id": "node/919690321"
    },
    {
      "type": "Feature",
      "properties": {
        "@id": "node/919690325",
        "esr:user": "258304",
        "name": "Щучье Озеро",
        "operator": "ОАО «РЖД»",
        "operator:branch": "Горьковская железная дорога",
        "public_transport": "station",
        "railway": "station",
        "train": "yes",
        "uic_ref": "2060545"
      },
      "geometry": {
        "type": "Point",
        "coordinates": [
          56.6378178,
          56.4716533
        ]
      },
      "id": "node/919690325"
    },
    {
      "type": "Feature",
      "properties": {
        "@id": "node/919813414",
        "esr:user": "256604",
        "name": "Ужуиха",
        "operator": "ОАО «РЖД»",
        "operator:branch": "Горьковская железная дорога",
        "public_transport": "station",
        "railway": "station",
        "train": "yes",
        "uic_ref": "2060054"
      },
      "geometry": {
        "type": "Point",
        "coordinates": [
          53.9569672,
          56.5768874
        ]
      },
      "id": "node/919813414"
    },
    {
      "type": "Feature",
      "properties": {
        "@id": "node/919813424",
        "esr:user": "256703",
        "name": "Сайгатка",
        "operator": "ОАО «РЖД»",
        "operator:branch": "Горьковская железная дорога",
        "public_transport": "station",
        "railway": "station",
        "train": "yes",
        "uic_ref": "2060537"
      },
      "geometry": {
        "type": "Point",
        "coordinates": [
          54.1391295,
          56.7724594
        ]
      },
      "id": "node/919813424"
    },
    {
      "type": "Feature",
      "properties": {
        "@id": "node/920592485",
        "esr:user": "257301",
        "name": "Каучук",
        "operator": "ОАО «РЖД»",
        "operator:branch": "Горьковская железная дорога",
        "public_transport": "no",
        "railway": "station",
        "train": "yes"
      },
      "geometry": {
        "type": "Point",
        "coordinates": [
          53.923937,
          56.6663138
        ]
      },
      "id": "node/920592485"
    },
    {
      "type": "Feature",
      "properties": {
        "@id": "node/921432009",
        "esr:user": "264907",
        "name": "Петряевка",
        "network": "Нижегородская городская электричка",
        "operator": "ОАО «РЖД»",
        "operator:branch": "Горьковская железная дорога",
        "public_transport": "station",
        "railway": "station",
        "train": "yes",
        "uic_ref": "2061449"
      },
      "geometry": {
        "type": "Point",
        "coordinates": [
          43.8000988,
          56.2515292
        ]
      },
      "id": "node/921432009"
    },
    {
      "type": "Feature",
      "properties": {
        "@id": "node/924799196",
        "esr:user": "254708",
        "name": "Пычас",
        "name:en": "Pychas",
        "name:ru": "Пычас",
        "operator": "ОАО «РЖД»",
        "operator:branch": "Горьковская железная дорога",
        "public_transport": "station",
        "railway": "station",
        "train": "yes",
        "uic_ref": "2060531"
      },
      "geometry": {
        "type": "Point",
        "coordinates": [
          52.4394156,
          56.5011669
        ]
      },
      "id": "node/924799196"
    },
    {
      "type": "Feature",
      "properties": {
        "@id": "node/924799197",
        "esr:user": "254522",
        "name": "Люга",
        "name:en": "Lyuga",
        "name:ru": "Люга",
        "operator": "ОАО «РЖД»",
        "operator:branch": "Горьковская железная дорога",
        "public_transport": "station",
        "railway": "station",
        "train": "yes",
        "uic_name": "Ljuga",
        "uic_ref": "2060529"
      },
      "geometry": {
        "type": "Point",
        "coordinates": [
          51.9469546,
          56.4300354
        ]
      },
      "id": "node/924799197"
    },
    {
      "type": "Feature",
      "properties": {
        "@id": "node/924799198",
        "esr:user": "254426",
        "name": "Саркуз",
        "name:en": "Sarkuz",
        "name:ru": "Саркуз",
        "operator": "ОАО «РЖД»",
        "operator:branch": "Горьковская железная дорога",
        "public_transport": "station",
        "railway": "station",
        "train": "yes",
        "uic_ref": "2060528"
      },
      "geometry": {
        "type": "Point",
        "coordinates": [
          51.7183454,
          56.3875793
        ]
      },
      "id": "node/924799198"
    },
    {
      "type": "Feature",
      "properties": {
        "@id": "node/924799205",
        "esr:user": "277019",
        "name": "Кекоран",
        "operator": "ОАО «РЖД»",
        "operator:branch": "Горьковская железная дорога",
        "public_transport": "station",
        "railway": "station",
        "train": "yes",
        "uic_ref": "2060516"
      },
      "geometry": {
        "type": "Point",
        "coordinates": [
          52.9971948,
          57.1817972
        ]
      },
      "id": "node/924799205"
    },
    {
      "type": "Feature",
      "properties": {
        "@id": "node/924799232",
        "esr:user": "254835",
        "name": "Уром",
        "operator": "ОАО «РЖД»",
        "operator:branch": "Горьковская железная дорога",
        "public_transport": "station",
        "railway": "station",
        "train": "yes",
        "uic_ref": "2060532"
      },
      "geometry": {
        "type": "Point",
        "coordinates": [
          52.7261238,
          56.5603445
        ]
      },
      "id": "node/924799232"
    },
    {
      "type": "Feature",
      "properties": {
        "@id": "node/924799249",
        "esr:user": "254727",
        "name": "Карамбай",
        "operator": "ОАО «РЖД»",
        "operator:branch": "Горьковская железная дорога",
        "public_transport": "station",
        "railway": "station",
        "train": "yes",
        "uic_ref": "2060100"
      },
      "geometry": {
        "type": "Point",
        "coordinates": [
          52.5821586,
          56.5593161
        ]
      },
      "id": "node/924799249"
    },
    {
      "type": "Feature",
      "properties": {
        "@id": "node/927278368",
        "esr:user": "255113",
        "name": "Мукшур",
        "operator": "ОАО «РЖД»",
        "operator:branch": "Горьковская железная дорога",
        "public_transport": "station",
        "railway": "station",
        "train": "yes",
        "uic_ref": "2060359"
      },
      "geometry": {
        "type": "Point",
        "coordinates": [
          52.6904461,
          56.2359198
        ]
      },
      "id": "node/927278368"
    },
    {
      "type": "Feature",
      "properties": {
        "@id": "node/927278372",
        "esr:user": "255109",
        "name": "Алнаши",
        "name:ja": "アルナシ",
        "operator": "ОАО «РЖД»",
        "operator:branch": "Горьковская железная дорога",
        "public_transport": "station",
        "railway": "station",
        "train": "yes",
        "uic_ref": "2060369"
      },
      "geometry": {
        "type": "Point",
        "coordinates": [
          52.5639769,
          56.1150051
        ]
      },
      "id": "node/927278372"
    },
    {
      "type": "Feature",
      "properties": {
        "@id": "node/945630970",
        "esr:user": "253103",
        "name": "Кендери",
        "name:en": "Kenderi",
        "operator": "ОАО «РЖД»",
        "operator:branch": "Горьковская железная дорога",
        "public_transport": "station",
        "railway": "station",
        "train": "yes",
        "uic_ref": "2060618"
      },
      "geometry": {
        "type": "Point",
        "coordinates": [
          49.2664007,
          55.9011625
        ]
      },
      "id": "node/945630970"
    },
    {
      "type": "Feature",
      "properties": {
        "@id": "node/1049819960",
        "esr:user": "250603",
        "name": "Тихорецкая",
        "name:ru": "Тихорецкая",
        "operator": "ОАО «РЖД»",
        "operator:branch": "Горьковская железная дорога",
        "railway": "station",
        "train": "yes"
      },
      "geometry": {
        "type": "Point",
        "coordinates": [
          49.1280249,
          55.7376227
        ]
      },
      "id": "node/1049819960"
    },
    {
      "type": "Feature",
      "properties": {
        "@id": "node/1067446577",
        "esr:user": "272621",
        "name": "Новый",
        "operator": "ОАО «РЖД»",
        "operator:branch": "Горьковская железная дорога",
        "operator:official": "Горьковская дирекция управления движением АО «РЖД»",
        "public_transport": "station",
        "railway": "station",
        "train": "yes",
        "uic_name": "Novij",
        "uic_ref": "2060489",
        "wheelchair": "no"
      },
      "geometry": {
        "type": "Point",
        "coordinates": [
          47.8945398,
          60.131959
        ]
      },
      "id": "node/1067446577"
    },
    {
      "type": "Feature",
      "properties": {
        "@id": "node/1098507379",
        "esr:user": "255221",
        "name": "Терси",
        "operator": "ОАО «РЖД»",
        "operator:branch": "Горьковская железная дорога",
        "public_transport": "station",
        "railway": "station",
        "train": "yes",
        "uic_ref": "2060358"
      },
      "geometry": {
        "type": "Point",
        "coordinates": [
          52.8775487,
          56.3326657
        ]
      },
      "id": "node/1098507379"
    },
    {
      "type": "Feature",
      "properties": {
        "@id": "node/1098509032",
        "esr:user": "253207",
        "name": "Высокая Гора",
        "name:en": "Visokaya Gora",
        "name:ja": "ヴイソーカヤ・ゴラー",
        "operator": "ОАО «РЖД»",
        "operator:branch": "Горьковская железная дорога",
        "public_transport": "station",
        "railway": "station",
        "train": "yes",
        "uic_ref": "2060619"
      },
      "geometry": {
        "type": "Point",
        "coordinates": [
          49.3111994,
          55.9326631
        ]
      },
      "id": "node/1098509032"
    },
    {
      "type": "Feature",
      "properties": {
        "@id": "node/1098510489",
        "esr:user": "255217",
        "name": "Ижбобья",
        "operator": "ОАО «РЖД»",
        "operator:branch": "Горьковская железная дорога",
        "public_transport": "station",
        "railway": "station",
        "train": "yes",
        "uic_ref": "2060357"
      },
      "geometry": {
        "type": "Point",
        "coordinates": [
          52.9724601,
          56.4840375
        ]
      },
      "id": "node/1098510489"
    },
    {
      "type": "Feature",
      "properties": {
        "@id": "node/1099872220",
        "esr:user": "249201",
        "name": "Куланга",
        "name:en": "Kulanga",
        "name:ru": "Куланга",
        "operator": "ОАО «РЖД»",
        "operator:branch": "Горьковская железная дорога",
        "public_transport": "station",
        "railway": "station",
        "train": "yes",
        "uic_name": "Kulanga",
        "uic_ref": "2060607"
      },
      "geometry": {
        "type": "Point",
        "coordinates": [
          48.4220705,
          55.4605227
        ]
      },
      "id": "node/1099872220"
    },
    {
      "type": "Feature",
      "properties": {
        "@id": "node/1099872336",
        "esr:user": "249108",
        "name": "Албаба",
        "operator": "ОАО «РЖД»",
        "operator:branch": "Горьковская железная дорога",
        "public_transport": "station",
        "railway": "station",
        "train": "yes",
        "uic_ref": "2060605"
      },
      "geometry": {
        "type": "Point",
        "coordinates": [
          48.3379769,
          55.6135638
        ]
      },
      "id": "node/1099872336"
    },
    {
      "type": "Feature",
      "properties": {
        "@id": "node/1107252238",
        "internet_access": "wired",
        "name": "Изумрудная",
        "operator": "ОАО «РЖД»",
        "operator:branch": "Горьковская железная дорога",
        "public_transport": "station",
        "railway": "station",
        "train": "yes"
      },
      "geometry": {
        "type": "Point",
        "coordinates": [
          48.9172142,
          55.8257169
        ]
      },
      "id": "node/1107252238"
    },
    {
      "type": "Feature",
      "properties": {
        "@id": "node/1108828067",
        "esr:user": "242109",
        "name": "Курлово",
        "name:en": "Kurlovo",
        "operator": "ОАО «РЖД»",
        "operator:branch": "Горьковская железная дорога",
        "public_transport": "station",
        "railway": "station",
        "train": "yes",
        "uic_ref": "2060377"
      },
      "geometry": {
        "type": "Point",
        "coordinates": [
          40.6195654,
          55.4480998
        ]
      },
      "id": "node/1108828067"
    },
    {
      "type": "Feature",
      "properties": {
        "@id": "node/1125510954",
        "esr:user": "240809",
        "name": "Эсино",
        "operator": "ОАО «РЖД»",
        "operator:branch": "Горьковская железная дорога",
        "public_transport": "station",
        "railway": "station",
        "train": "yes",
        "uic_ref": "2060362"
      },
      "geometry": {
        "type": "Point",
        "coordinates": [
          41.4742099,
          56.1808
        ]
      },
      "id": "node/1125510954"
    },
    {
      "type": "Feature",
      "properties": {
        "@id": "node/1131182388",
        "esr:user": "263425",
        "name": "Мстёра",
        "operator": "ОАО «РЖД»",
        "operator:branch": "Горьковская железная дорога",
        "public_transport": "station",
        "railway": "station",
        "train": "yes",
        "uic_ref": "2060351"
      },
      "geometry": {
        "type": "Point",
        "coordinates": [
          41.8657682,
          56.2649934
        ]
      },
      "id": "node/1131182388"
    },
    {
      "type": "Feature",
      "properties": {
        "@id": "node/1157598114",
        "esr:user": "247600",
        "name": "Алатырь",
        "name:cv": "Улатӑр",
        "name:ja": "アラティリ",
        "operator": "ОАО «РЖД»",
        "operator:branch": "Горьковская железная дорога",
        "public_transport": "station",
        "railway": "station",
        "train": "yes",
        "uic_name": "Alatir",
        "uic_ref": "2060335",
        "wikidata": "Q4060537",
        "wikipedia": "ru:Алатырь (станция)"
      },
      "geometry": {
        "type": "Point",
        "coordinates": [
          46.5781587,
          54.849846
        ]
      },
      "id": "node/1157598114"
    },
    {
      "type": "Feature",
      "properties": {
        "@id": "node/1187972138",
        "esr:user": "261805",
        "name": "Балахна",
        "name:ja": "バラフナ",
        "operator": "ОАО «РЖД»",
        "operator:branch": "Горьковская железная дорога",
        "public_transport": "station",
        "railway": "station",
        "train": "yes",
        "uic_ref": "2061406"
      },
      "geometry": {
        "type": "Point",
        "coordinates": [
          43.5772213,
          56.4842307
        ]
      },
      "id": "node/1187972138"
    },
    {
      "type": "Feature",
      "properties": {
        "@id": "node/1273505272",
        "esr:user": "242607",
        "name": "Улыбышево",
        "operator": "ОАО «РЖД»",
        "operator:branch": "Горьковская железная дорога",
        "public_transport": "station",
        "railway": "station",
        "train": "yes",
        "uic_ref": "2060368"
      },
      "geometry": {
        "type": "Point",
        "coordinates": [
          40.3846645,
          56.0280516
        ]
      },
      "id": "node/1273505272"
    },
    {
      "type": "Feature",
      "properties": {
        "@id": "node/1280162298",
        "esr:user": "242202",
        "name": "Гусь-Хрустальный",
        "operator": "ОАО «РЖД»",
        "operator:branch": "Горьковская железная дорога",
        "public_transport": "station",
        "railway": "station",
        "train": "yes",
        "uic_ref": "2060373"
      },
      "geometry": {
        "type": "Point",
        "coordinates": [
          40.6501112,
          55.6186947
        ]
      },
      "id": "node/1280162298"
    },
    {
      "type": "Feature",
      "properties": {
        "@id": "node/1282528530",
        "esr:user": "243205",
        "name": "Алферово",
        "operator": "ОАО «РЖД»",
        "operator:branch": "Горьковская железная дорога",
        "public_transport": "station",
        "railway": "station",
        "train": "yes",
        "uic_ref": "2060383"
      },
      "geometry": {
        "type": "Point",
        "coordinates": [
          41.2161886,
          55.5059289
        ]
      },
      "id": "node/1282528530"
    },
    {
      "type": "Feature",
      "properties": {
        "@id": "node/1283152691",
        "esr:user": "240705",
        "name": "Восход",
        "operator": "ОАО «РЖД»",
        "operator:branch": "Горьковская железная дорога",
        "public_transport": "station",
        "railway": "station",
        "train": "yes",
        "uic_ref": "2060363"
      },
      "geometry": {
        "type": "Point",
        "coordinates": [
          41.5398479,
          56.0889116
        ]
      },
      "id": "node/1283152691"
    },
    {
      "type": "Feature",
      "properties": {
        "@id": "node/1290785063",
        "esr:user": "242306",
        "name": "Комиссаровка",
        "operator": "ОАО «РЖД»",
        "operator:branch": "Горьковская железная дорога",
        "public_transport": "station",
        "railway": "station",
        "train": "yes",
        "uic_ref": "2060372"
      },
      "geometry": {
        "type": "Point",
        "coordinates": [
          40.6158395,
          55.7074864
        ]
      },
      "id": "node/1290785063"
    },
    {
      "type": "Feature",
      "properties": {
        "@id": "node/1296659597",
        "esr:user": "245501",
        "int_name": "Vournary",
        "name": "Вурнары",
        "name:cv": "Вӑрнар",
        "name:ja": "ヴルナールィ",
        "operator": "ОАО «РЖД»",
        "operator:branch": "Горьковская железная дорога",
        "public_transport": "station",
        "railway": "station",
        "train": "yes",
        "uic_name": "Wurnari",
        "uic_ref": "2060435"
      },
      "geometry": {
        "type": "Point",
        "coordinates": [
          46.9481749,
          55.4879682
        ]
      },
      "id": "node/1296659597"
    },
    {
      "type": "Feature",
      "properties": {
        "@id": "node/1348441236",
        "esr:user": "264502",
        "name": "Сейма",
        "operator": "ОАО «РЖД»",
        "operator:branch": "Горьковская железная дорога",
        "public_transport": "station",
        "railway": "station",
        "train": "yes",
        "uic_ref": "2060446"
      },
      "geometry": {
        "type": "Point",
        "coordinates": [
          43.1735609,
          56.2248341
        ]
      },
      "id": "node/1348441236"
    },
    {
      "type": "Feature",
      "properties": {
        "@id": "node/1376452675",
        "description": "Только грузовые операции. Пассажирского движения нет.",
        "esr:user": "271008",
        "name": "Слободское",
        "operator": "ОАО «РЖД»",
        "operator:branch": "Горьковская железная дорога",
        "operator:official": "Горьковская дирекция управления движением АО «РЖД»",
        "public_transport": "no",
        "railway": "station",
        "train": "yes",
        "uic_ref": "2060758"
      },
      "geometry": {
        "type": "Point",
        "coordinates": [
          50.1807177,
          58.7190238
        ]
      },
      "id": "node/1376452675"
    },
    {
      "type": "Feature",
      "properties": {
        "@id": "node/1420310329",
        "description": "Станция 4 класса Горьковского региона Горьковской железной дороги - филиала ОАО \"РЖД\". Ордината оси КМ634.200. Открыта в 1935 году.",
        "esr:user": "266705",
        "name": "Арья",
        "name:ja": "アリヤ",
        "operator": "ОАО «РЖД»",
        "operator:branch": "Горьковская железная дорога",
        "public_transport": "station",
        "railway": "station",
        "train": "yes",
        "uic_ref": "2060462"
      },
      "geometry": {
        "type": "Point",
        "coordinates": [
          45.9617306,
          57.4929853
        ]
      },
      "id": "node/1420310329"
    },
    {
      "type": "Feature",
      "properties": {
        "@id": "node/1420329073",
        "description": "Станция 5 класса Горьковского региона Горьковской железной дороги - филиала ОАО \"РЖД\". Ордината оси КМ651.800. Открыта в 1927 году в составе пускового комплекса Моховые Горы - Котельнич.",
        "esr:user": "266724",
        "name": "Обход",
        "operator": "ОАО «РЖД»",
        "operator:branch": "Горьковская железная дорога",
        "public_transport": "station",
        "railway": "station",
        "train": "yes",
        "uic_ref": "2060029"
      },
      "geometry": {
        "type": "Point",
        "coordinates": [
          46.2116891,
          57.5690809
        ]
      },
      "id": "node/1420329073"
    },
    {
      "type": "Feature",
      "properties": {
        "@id": "node/1430046026",
        "esr:user": "275403",
        "name": "Светлополянск",
        "operator": "ОАО «РЖД»",
        "operator:branch": "Горьковская железная дорога",
        "public_transport": "station",
        "railway": "station",
        "train": "yes",
        "uic_name": "Svetlopolyansk",
        "uic_ref": "2061527"
      },
      "geometry": {
        "type": "Point",
        "coordinates": [
          52.3551318,
          59.4202741
        ]
      },
      "id": "node/1430046026"
    },
    {
      "type": "Feature",
      "properties": {
        "@id": "node/1432064973",
        "esr:user": "278100",
        "name": "Гарь",
        "operator": "ОАО «РЖД»",
        "operator:branch": "Горьковская железная дорога",
        "operator:official": "Горьковская дирекция управления движением АО «РЖД»",
        "public_transport": "station",
        "railway": "station",
        "train": "yes",
        "uic_name": "Gar",
        "uic_ref": "2060071"
      },
      "geometry": {
        "type": "Point",
        "coordinates": [
          52.3045101,
          59.2903225
        ]
      },
      "id": "node/1432064973"
    },
    {
      "type": "Feature",
      "properties": {
        "@id": "node/1455423201",
        "esr:user": "243648",
        "name": "Родяково",
        "operator": "ОАО «РЖД»",
        "operator:branch": "Горьковская железная дорога",
        "public_transport": "station",
        "railway": "station",
        "train": "yes",
        "uic_ref": "2060685"
      },
      "geometry": {
        "type": "Point",
        "coordinates": [
          42.5223717,
          55.5353918
        ]
      },
      "id": "node/1455423201"
    },
    {
      "type": "Feature",
      "properties": {
        "@id": "node/1555358414",
        "esr:user": "248504",
        "name": "Чебоксары",
        "name:cv": "Шупашкар",
        "name:ja": "チェボクサルィ",
        "name:lt": "Čeboksarai",
        "name:zh": "切博克萨雷",
        "operator": "ОАО «РЖД»",
        "operator:branch": "Горьковская железная дорога",
        "public_transport": "station",
        "railway": "station",
        "toilets:wheelchair": "yes",
        "train": "yes",
        "uic_name": "Cheboksary",
        "uic_ref": "2060620",
        "wheelchair": "limited"
      },
      "geometry": {
        "type": "Point",
        "coordinates": [
          47.2644858,
          56.1131532
        ]
      },
      "id": "node/1555358414"
    },
    {
      "type": "Feature",
      "properties": {
        "@id": "node/1556795622",
        "esr:user": "272706",
        "name": "Пинюг",
        "name:en": "Pinyug",
        "name:ja": "ピニュク",
        "name:ru:word_stress": "Пи́нюг",
        "operator": "ОАО «РЖД»",
        "operator:branch": "Горьковская железная дорога",
        "public_transport": "station",
        "railway": "station",
        "train": "yes",
        "uic_name": "Pinjug",
        "uic_ref": "2060491"
      },
      "geometry": {
        "type": "Point",
        "coordinates": [
          47.7868957,
          60.2507441
        ]
      },
      "id": "node/1556795622"
    },
    {
      "type": "Feature",
      "properties": {
        "@id": "node/1558471164",
        "esr:user": "273003",
        "internet_access": "yes",
        "internet_access:fee": "customers",
        "name": "Лунданка",
        "operator": "ОАО «РЖД»",
        "operator:branch": "Горьковская железная дорога",
        "operator:official": "Горьковская дирекция управления движением АО «РЖД»",
        "public_transport": "station",
        "railway": "station",
        "train": "yes",
        "uic_name": "Lundanka",
        "uic_ref": "2060493"
      },
      "geometry": {
        "type": "Point",
        "coordinates": [
          47.4879728,
          60.4690763
        ]
      },
      "id": "node/1558471164"
    },
    {
      "type": "Feature",
      "properties": {
        "@id": "node/1586379643",
        "esr:user": "255700",
        "name": "Кварса",
        "operator": "ОАО «РЖД»",
        "operator:branch": "Горьковская железная дорога",
        "public_transport": "station",
        "railway": "station",
        "train": "yes",
        "uic_ref": "2061496"
      },
      "geometry": {
        "type": "Point",
        "coordinates": [
          53.9505247,
          56.9541322
        ]
      },
      "id": "node/1586379643"
    },
    {
      "type": "Feature",
      "properties": {
        "@id": "node/1612948297",
        "esr:user": "246326",
        "name": "Николай-Дар",
        "operator": "ОАО «РЖД»",
        "operator:branch": "Горьковская железная дорога",
        "railway": "station",
        "train": "yes",
        "uic_ref": "2060413"
      },
      "geometry": {
        "type": "Point",
        "coordinates": [
          44.5899542,
          54.9303076
        ]
      },
      "id": "node/1612948297"
    },
    {
      "type": "Feature",
      "properties": {
        "@id": "node/1616447964",
        "esr:user": "246307",
        "name": "Лукоянов",
        "name:ja": "ルコヤノフ",
        "operator": "ОАО «РЖД»",
        "operator:branch": "Горьковская железная дорога",
        "public_transport": "station",
        "railway": "station",
        "train": "yes",
        "uic_name": "Lukoyanov",
        "uic_ref": "2060412"
      },
      "geometry": {
        "type": "Point",
        "coordinates": [
          44.4591459,
          55.0299801
        ]
      },
      "id": "node/1616447964"
    },
    {
      "type": "Feature",
      "properties": {
        "@id": "node/1621733851",
        "esr:user": "273605",
        "name": "Чепецкая",
        "operator": "ОАО «РЖД»",
        "operator:branch": "Горьковская железная дорога",
        "operator:official": "Горьковская дирекция управления движением АО «РЖД»",
        "public_transport": "station",
        "railway": "station",
        "train": "yes",
        "uic_ref": "2060763"
      },
      "geometry": {
        "type": "Point",
        "coordinates": [
          49.9868007,
          58.5368474
        ]
      },
      "id": "node/1621733851"
    },
    {
      "type": "Feature",
      "properties": {
        "@id": "node/1624515298",
        "esr:user": "272804",
        "name": "Панасюк",
        "operator": "ОАО «РЖД»",
        "operator:branch": "Горьковская железная дорога",
        "operator:official": "Горьковская дирекция управления движением АО «РЖД»",
        "public_transport": "station",
        "railway": "station",
        "train": "yes",
        "uic_name": "Panasjuk",
        "uic_ref": "2060492"
      },
      "geometry": {
        "type": "Point",
        "coordinates": [
          47.5334017,
          60.4046814
        ]
      },
      "id": "node/1624515298"
    },
    {
      "type": "Feature",
      "properties": {
        "@id": "node/1624552035",
        "description": "Только грузовые операции. Пассажиров не обслуживает.",
        "esr:user": "272829",
        "name": "Маялово",
        "operator": "ОАО «РЖД»",
        "operator:branch": "Горьковская железная дорога",
        "operator:official": "Горьковская дирекция управления движением АО «РЖД»",
        "public_transport": "no",
        "railway": "station",
        "train": "yes",
        "uic_ref": "2060658"
      },
      "geometry": {
        "type": "Point",
        "coordinates": [
          47.1220104,
          60.3658079
        ]
      },
      "id": "node/1624552035"
    },
    {
      "type": "Feature",
      "properties": {
        "@id": "node/1624552038",
        "esr:user": "272903",
        "name": "Подосиновец",
        "name:en": "Podosinovetsc",
        "name:ja": "ポドシーノヴェッツ",
        "operator": "ОАО «РЖД»",
        "operator:branch": "Горьковская железная дорога",
        "public_transport": "station",
        "railway": "station",
        "train": "yes",
        "uic_name": "Podosinovecs",
        "uic_ref": "2061408"
      },
      "geometry": {
        "type": "Point",
        "coordinates": [
          47.0782695,
          60.3567026
        ]
      },
      "id": "node/1624552038"
    },
    {
      "type": "Feature",
      "properties": {
        "@id": "node/1628693135",
        "esr:user": "273022",
        "internet_access": "yes",
        "internet_access:fee": "customers",
        "name": "Макуха",
        "operator": "ОАО «РЖД»",
        "operator:branch": "Горьковская железная дорога",
        "operator:official": "Горьковская дирекция управления движением АО «РЖД»",
        "public_transport": "station",
        "railway": "station",
        "train": "yes",
        "uic_name": "Makukha",
        "uic_ref": "2060704"
      },
      "geometry": {
        "type": "Point",
        "coordinates": [
          47.3341623,
          60.5568132
        ]
      },
      "id": "node/1628693135"
    },
    {
      "type": "Feature",
      "properties": {
        "@id": "node/1628695106",
        "esr:user": "273130",
        "name": "Бумажный",
        "operator": "ОАО «РЖД»",
        "operator:branch": "Горьковская железная дорога",
        "operator:official": "Горьковская дирекция управления движением АО «РЖД»",
        "public_transport": "station",
        "railway": "station",
        "train": "yes",
        "uic_name": "Bumajnyi",
        "uic_ref": "2060495"
      },
      "geometry": {
        "type": "Point",
        "coordinates": [
          47.1790961,
          60.7473111
        ]
      },
      "id": "node/1628695106"
    },
    {
      "type": "Feature",
      "properties": {
        "@id": "node/1630505431",
        "esr:user": "273107",
        "name": "Луза",
        "operator": "ОАО «РЖД»",
        "operator:branch": "Горьковская железная дорога",
        "public_transport": "station",
        "railway": "station",
        "train": "yes",
        "uic_name": "Luza",
        "uic_ref": "2060494"
      },
      "geometry": {
        "type": "Point",
        "coordinates": [
          47.2586428,
          60.6306259
        ]
      },
      "id": "node/1630505431"
    },
    {
      "type": "Feature",
      "properties": {
        "@id": "node/1642400567",
        "description": "Станция 5 класса, ордината оси КМ56.000, открыта в 1963 году в составе переданного в МПС ведомственного участка Сухобезводное - Лапшанга. http://infojd.ru/28/suhunj.html",
        "esr:user": "266103",
        "name": "Лапшанга",
        "operator": "ОАО «РЖД»",
        "operator:branch": "Горьковская железная дорога",
        "public_transport": "station",
        "railway": "station",
        "start_date": "1963 год (в составе МПС СССР)",
        "train": "yes",
        "uic_ref": "2061417"
      },
      "geometry": {
        "type": "Point",
        "coordinates": [
          44.5774092,
          57.4857664
        ]
      },
      "id": "node/1642400567"
    },
    {
      "type": "Feature",
      "properties": {
        "@id": "node/1651673671",
        "description": "Станция 5 класса Кировского региона Горьковской железной дороги - филиала ОАО \"РЖД\". Ордината оси КМ894.200. Открыта в 1906 году.",
        "esr:user": "268325",
        "name": "Быстряги",
        "operator": "ОАО «РЖД»",
        "operator:branch": "Горьковская железная дорога",
        "operator:official": "Горьковская дирекция управления движением ОАО \"РЖД\"",
        "public_transport": "station",
        "railway": "station",
        "train": "yes",
        "uic_ref": "2060474"
      },
      "geometry": {
        "type": "Point",
        "coordinates": [
          48.7416504,
          58.3307065
        ]
      },
      "id": "node/1651673671"
    },
    {
      "type": "Feature",
      "properties": {
        "@id": "node/1654526684",
        "esr:user": "244021",
        "name": "Балахониха",
        "operator": "ОАО «РЖД»",
        "operator:branch": "Горьковская железная дорога",
        "public_transport": "station",
        "railway": "station",
        "train": "yes",
        "uic_ref": "2060394"
      },
      "geometry": {
        "type": "Point",
        "coordinates": [
          43.3647409,
          55.4790673
        ]
      },
      "id": "node/1654526684"
    },
    {
      "type": "Feature",
      "properties": {
        "@id": "node/1654624511",
        "esr:user": "269506",
        "name": "Кстово",
        "name:ja": "クストヴォ",
        "operator": "ОАО «РЖД»",
        "operator:branch": "Горьковская железная дорога",
        "railway": "station",
        "train": "yes",
        "uic_ref": "2060644"
      },
      "geometry": {
        "type": "Point",
        "coordinates": [
          44.1639288,
          56.1717895
        ]
      },
      "id": "node/1654624511"
    },
    {
      "type": "Feature",
      "properties": {
        "@id": "node/1655824011",
        "esr:user": "246006",
        "name": "Сатис",
        "name:en": "Satis",
        "name:ja": "サチス",
        "name:ru": "Сатис",
        "operator": "ОАО «РЖД»",
        "operator:branch": "Горьковская железная дорога",
        "public_transport": "station",
        "railway": "station",
        "train": "yes",
        "uic_name": "Satis",
        "uic_ref": "2060407"
      },
      "geometry": {
        "type": "Point",
        "coordinates": [
          43.8229609,
          55.0232144
        ]
      },
      "id": "node/1655824011"
    },
    {
      "type": "Feature",
      "properties": {
        "@id": "node/1676309219",
        "esr:user": "265007",
        "name": "Моховые горы",
        "operator": "ОАО «РЖД»",
        "operator:branch": "Горьковская железная дорога",
        "public_transport": "station",
        "railway": "station",
        "train": "yes",
        "uic_ref": "2060772"
      },
      "geometry": {
        "type": "Point",
        "coordinates": [
          44.0724759,
          56.3580067
        ]
      },
      "id": "node/1676309219"
    },
    {
      "type": "Feature",
      "properties": {
        "@id": "node/1728849214",
        "description": "Станция 4 класса Кировского региона Горьковской железной дороги - филиала ОАО \"РЖД\". Ордината оси КМ927.800. Открыта в 1914 году.",
        "esr:user": "270804",
        "name": "Стрижи",
        "name:ja": "ストリジー",
        "operator": "ОАО «РЖД»",
        "operator:branch": "Горьковская железная дорога",
        "public_transport": "station",
        "railway": "station",
        "train": "yes",
        "uic_ref": "2060477"
      },
      "geometry": {
        "type": "Point",
        "coordinates": [
          49.2524659,
          58.4626178
        ]
      },
      "id": "node/1728849214"
    },
    {
      "type": "Feature",
      "properties": {
        "@id": "node/1728976510",
        "description": "Станция 5 класса Кировского региона Горьковской железной дороги - филиала ОАО \"РЖД\". Ордината оси КМ902.800. Открыта в 1915 году.",
        "esr:user": "268429",
        "name": "Шалегово",
        "name:ru": "Шалегово",
        "operator": "ОАО «РЖД»",
        "operator:branch": "Горьковская железная дорога",
        "operator:official": "Горьковская дирекция управления движением ОАО \"РЖД\"",
        "public_transport": "station",
        "railway": "station",
        "train": "yes",
        "uic_ref": "2060475",
        "wikidata": "Q109251708"
      },
      "geometry": {
        "type": "Point",
        "coordinates": [
          48.8795236,
          58.3578159
        ]
      },
      "id": "node/1728976510"
    },
    {
      "type": "Feature",
      "properties": {
        "@id": "node/1813314132",
        "esr:user": "250209",
        "name": "Лагерная",
        "operator": "ОАО «РЖД»",
        "operator:branch": "Горьковская железная дорога",
        "public_transport": "station",
        "railway": "station",
        "train": "yes",
        "uic_ref": "2060633"
      },
      "geometry": {
        "type": "Point",
        "coordinates": [
          49.011757,
          55.8012857
        ]
      },
      "id": "node/1813314132"
    },
    {
      "type": "Feature",
      "properties": {
        "@id": "node/1837006210",
        "esr:user": "260111",
        "name": "Кустовая",
        "operator": "ОАО «РЖД»",
        "operator:branch": "Горьковская железная дорога",
        "public_transport": "station",
        "railway": "station",
        "train": "yes",
        "uic_ref": "2061731"
      },
      "geometry": {
        "type": "Point",
        "coordinates": [
          43.8836891,
          56.2552157
        ]
      },
      "id": "node/1837006210"
    },
    {
      "type": "Feature",
      "properties": {
        "@id": "node/1841782386",
        "esr:user": "273501",
        "name": "Полой",
        "operator": "ОАО «РЖД»",
        "operator:branch": "Горьковская железная дорога",
        "operator:official": "Горьковская дирекция управления движением АО «РЖД»",
        "public_transport": "station",
        "railway": "station",
        "train": "yes",
        "uic_ref": "2060037"
      },
      "geometry": {
        "type": "Point",
        "coordinates": [
          49.8131943,
          58.4703852
        ]
      },
      "id": "node/1841782386"
    },
    {
      "type": "Feature",
      "properties": {
        "@id": "node/1853225772",
        "esr:user": "248302",
        "name": "Цивильск",
        "name:cv": "Ҫӗрпӳ",
        "name:ja": "ツィヴィリスク",
        "name:ru": "Цивильск",
        "operator": "ОАО «РЖД»",
        "operator:branch": "Горьковская железная дорога",
        "public_transport": "station",
        "railway": "station",
        "train": "yes",
        "uic_ref": "2060565"
      },
      "geometry": {
        "type": "Point",
        "coordinates": [
          47.3869234,
          55.8271004
        ]
      },
      "id": "node/1853225772"
    },
    {
      "type": "Feature",
      "properties": {
        "@id": "node/1862117505",
        "esr:user": "247309",
        "name": "Атяшево",
        "name:ja": "アチャーシェヴォ",
        "name:ru": "Атяшево",
        "operator": "ОАО «РЖД»",
        "operator:branch": "Горьковская железная дорога",
        "public_transport": "station",
        "railway": "station",
        "train": "yes",
        "uic_ref": "2060578"
      },
      "geometry": {
        "type": "Point",
        "coordinates": [
          46.0840215,
          54.5843302
        ]
      },
      "id": "node/1862117505"
    },
    {
      "type": "Feature",
      "properties": {
        "@id": "node/1945935717",
        "alt_name": "Атрать",
        "esr:user": "247723",
        "name": "Атрат",
        "name:cv": "Атрат",
        "operator": "ОАО «РЖД»",
        "operator:branch": "Горьковская железная дорога",
        "public_transport": "station",
        "railway": "station",
        "train": "yes",
        "uic_ref": "2060574",
        "wikidata": "Q109380781"
      },
      "geometry": {
        "type": "Point",
        "coordinates": [
          46.7047351,
          55.0028538
        ]
      },
      "id": "node/1945935717"
    },
    {
      "type": "Feature",
      "properties": {
        "@id": "node/1945935720",
        "esr:user": "248001",
        "name": "Ибреси",
        "name:cv": "Йӗпреҫ",
        "name:ja": "イブレーシ",
        "operator": "ОАО «РЖД»",
        "operator:branch": "Горьковская железная дорога",
        "public_transport": "station",
        "railway": "station",
        "train": "yes",
        "uic_ref": "2060571"
      },
      "geometry": {
        "type": "Point",
        "coordinates": [
          47.0331143,
          55.2926955
        ]
      },
      "id": "node/1945935720"
    },
    {
      "type": "Feature",
      "properties": {
        "@id": "node/1946834322",
        "description": "Станция 5 класса Кировского региона Горьковской железной дороги - филиала ОАО \"РЖД\". Ордината оси КМ015.400. Открыта в 1936 году.",
        "esr:user": "270908",
        "name": "Матанцы",
        "operator": "ОАО «РЖД»",
        "operator:branch": "Горьковская железная дорога",
        "operator:official": "Горьковская дирекция управления движением РЖД",
        "public_transport": "station",
        "railway": "station",
        "train": "yes",
        "uic_name": "Matancsi",
        "uic_ref": "2002477"
      },
      "geometry": {
        "type": "Point",
        "coordinates": [
          49.5188863,
          58.6458921
        ]
      },
      "id": "node/1946834322"
    },
    {
      "type": "Feature",
      "properties": {
        "@id": "node/2002778930",
        "esr:user": "251201",
        "name": "Зелёный Дол",
        "name:en": "Zeleny Dol",
        "name:ru": "Зелёный Дол",
        "operator": "ОАО «РЖД»",
        "operator:branch": "Горьковская железная дорога",
        "public_transport": "station",
        "railway": "station",
        "train": "yes",
        "uic_name": "Zelenij Dol",
        "uic_ref": "2060345",
        "wikidata": "Q4190867",
        "wikipedia": "ru:Зелёный Дол (станция)"
      },
      "geometry": {
        "type": "Point",
        "coordinates": [
          48.5612568,
          55.8418864
        ]
      },
      "id": "node/2002778930"
    },
    {
      "type": "Feature",
      "properties": {
        "@id": "node/2005158460",
        "esr:user": "252401",
        "name": "Йошкар-Ола",
        "name:ja": "ヨシュカル=オラ",
        "operator": "ОАО «РЖД»",
        "operator:branch": "Горьковская железная дорога",
        "public_transport": "station",
        "railway": "station",
        "train": "yes",
        "uic_name": "Joschkar-Ola",
        "uic_ref": "2060593",
        "wikidata": "Q4206049",
        "wikipedia": "ru:Йошкар-Ола (станция)"
      },
      "geometry": {
        "type": "Point",
        "coordinates": [
          47.8797669,
          56.6216533
        ]
      },
      "id": "node/2005158460"
    },
    {
      "type": "Feature",
      "properties": {
        "@id": "node/2005493375",
        "esr:user": "247102",
        "name": "Чамзинка",
        "name:en": "Chamzinka",
        "name:ja": "チャムジンカ",
        "name:ru": "Чамзинка",
        "operator": "ОАО «РЖД»",
        "operator:branch": "Горьковская железная дорога",
        "public_transport": "station",
        "railway": "station",
        "train": "yes",
        "uic_name": "Chamzinka",
        "uic_ref": "2060581"
      },
      "geometry": {
        "type": "Point",
        "coordinates": [
          45.782132,
          54.403679
        ]
      },
      "id": "node/2005493375"
    },
    {
      "type": "Feature",
      "properties": {
        "@id": "node/2005500361",
        "esr:user": "247403",
        "name": "Ардатов",
        "name:ja": "アルダートフ",
        "name:ru": "Ардатов",
        "operator": "ОАО «РЖД»",
        "operator:branch": "Горьковская железная дорога",
        "public_transport": "station",
        "railway": "station",
        "train": "yes",
        "uic_ref": "2060577",
        "wikidata": "Q109380785"
      },
      "geometry": {
        "type": "Point",
        "coordinates": [
          46.2682701,
          54.7591435
        ]
      },
      "id": "node/2005500361"
    },
    {
      "type": "Feature",
      "properties": {
        "@id": "node/2021567590",
        "esr:user": "252007",
        "name": "Кундыш",
        "operator": "ОАО «РЖД»",
        "operator:branch": "Горьковская железная дорога",
        "public_transport": "station",
        "railway": "station",
        "train": "yes",
        "uic_ref": "2060599"
      },
      "geometry": {
        "type": "Point",
        "coordinates": [
          48.2031779,
          56.3810729
        ]
      },
      "id": "node/2021567590"
    },
    {
      "type": "Feature",
      "properties": {
        "@id": "node/2036660072",
        "esr:user": "269205",
        "name": "Ворсма",
        "name:ja": "ヴォルスマ",
        "operator": "ОАО «РЖД»",
        "operator:branch": "Горьковская железная дорога",
        "public_transport": "station",
        "railway": "station",
        "train": "yes"
      },
      "geometry": {
        "type": "Point",
        "coordinates": [
          43.2313208,
          56.0487324
        ]
      },
      "id": "node/2036660072"
    },
    {
      "type": "Feature",
      "properties": {
        "@id": "node/2133877577",
        "esr:user": "248020",
        "name": "Алшихово",
        "name:cv": "Алшик",
        "old_name": "275 км",
        "operator": "ОАО «РЖД»",
        "operator:branch": "Горьковская железная дорога",
        "public_transport": "station",
        "railway": "station",
        "train": "yes",
        "uic_ref": "2061569",
        "wikidata": "Q4388824",
        "wikipedia": "ru:Разъезд 275 км"
      },
      "geometry": {
        "type": "Point",
        "coordinates": [
          47.2252204,
          55.3938424
        ]
      },
      "id": "node/2133877577"
    },
    {
      "type": "Feature",
      "properties": {
        "@id": "node/2165146925",
        "esr:user": "270217",
        "name": "Красносельский",
        "operator": "ОАО «РЖД»",
        "operator:branch": "Горьковская железная дорога",
        "operator:official": "Горьковская дирекция управления движением АО «РЖД»",
        "public_transport": "station",
        "railway": "station",
        "train": "yes",
        "uic_ref": "2060764"
      },
      "geometry": {
        "type": "Point",
        "coordinates": [
          49.6731806,
          58.5302681
        ]
      },
      "id": "node/2165146925"
    },
    {
      "type": "Feature",
      "properties": {
        "@id": "node/2202995209",
        "esr:user": "241905",
        "name": "Тумская",
        "name:en": "Tumskaya",
        "operator": "ОАО «РЖД»",
        "operator:branch": "Горьковская железная дорога",
        "public_transport": "station",
        "railway": "station",
        "train": "yes",
        "uic_ref": "2060379"
      },
      "geometry": {
        "type": "Point",
        "coordinates": [
          40.5465981,
          55.1449184
        ]
      },
      "id": "node/2202995209"
    },
    {
      "type": "Feature",
      "properties": {
        "@id": "node/2209246746",
        "esr:user": "253300",
        "name": "Бирюли",
        "name:en": "Biryuli",
        "operator": "ОАО «РЖД»",
        "operator:branch": "Горьковская железная дорога",
        "public_transport": "station",
        "railway": "station",
        "train": "yes",
        "uic_ref": "2060621"
      },
      "geometry": {
        "type": "Point",
        "coordinates": [
          49.4193673,
          55.9672886
        ]
      },
      "id": "node/2209246746"
    },
    {
      "type": "Feature",
      "properties": {
        "@id": "node/2210591024",
        "esr:user": "250800",
        "name": "Ометьево",
        "operator": "ОАО «РЖД»",
        "operator:branch": "Горьковская железная дорога",
        "public_transport": "station",
        "railway": "station",
        "uic_ref": "2061402",
        "wheelchair": "yes",
        "wikidata": "Q28417"
      },
      "geometry": {
        "type": "Point",
        "coordinates": [
          49.1681028,
          55.7773323
        ]
      },
      "id": "node/2210591024"
    },
    {
      "type": "Feature",
      "properties": {
        "@id": "node/2258811579",
        "description": "Станция 4 класса Кировского региона Горьковской железной дороги - филиала АО «РЖД». Ордината оси КМ025.600. Открыта в 1915 году.",
        "esr:user": "271402",
        "name": "Гирсово",
        "operator": "ОАО «РЖД»",
        "operator:branch": "Горьковская железная дорога",
        "operator:official": "Горьковская дирекция управления движением РЖД",
        "public_transport": "station",
        "railway": "station",
        "train": "yes",
        "uic_name": "Girsovo",
        "uic_ref": "2060482"
      },
      "geometry": {
        "type": "Point",
        "coordinates": [
          49.5622476,
          58.7313952
        ]
      },
      "id": "node/2258811579"
    },
    {
      "type": "Feature",
      "properties": {
        "@id": "node/2332211331",
        "description": "Станция 5 класса Кировского региона Горьковской железной дороги - филиала ОАО \"РЖД\". Ордината оси КМ091.100. Открыта в 1899 году.",
        "esr:user": "271851",
        "name": "Великая",
        "operator": "ОАО «РЖД»",
        "operator:branch": "Горьковская железная дорога",
        "operator:official": "Горьковская дирекция управления движением РЖД",
        "public_transport": "station",
        "railway": "station",
        "train": "yes",
        "uic_name": "Velikaya",
        "uic_ref": "2060483"
      },
      "geometry": {
        "type": "Point",
        "coordinates": [
          49.0352031,
          59.2253808
        ]
      },
      "id": "node/2332211331"
    },
    {
      "type": "Feature",
      "properties": {
        "@id": "node/2332211332",
        "description": "Станция 5 класса Кировского региона Горьковской железной дороги - филиала ОАО \"РЖД\". Ордината оси КМ110.200. Открыта в 1927 году.",
        "esr:user": "271830",
        "name": "Долиничи",
        "operator": "ОАО «РЖД»",
        "operator:branch": "Горьковская железная дорога",
        "operator:official": "Горьковская дирекция управления движением РЖД",
        "public_transport": "station",
        "railway": "station",
        "train": "yes",
        "uic_name": "Dolinichi",
        "uic_ref": "2060754"
      },
      "geometry": {
        "type": "Point",
        "coordinates": [
          49.046607,
          59.3629722
        ]
      },
      "id": "node/2332211332"
    },
    {
      "type": "Feature",
      "properties": {
        "@id": "node/2332211333",
        "esr:user": "271421",
        "name": "Медянка",
        "operator": "ОАО «РЖД»",
        "operator:branch": "Горьковская железная дорога",
        "operator:official": "Горьковская дирекция управления движением АО «РЖД»",
        "public_transport": "station",
        "railway": "station",
        "train": "yes",
        "uic_name": "Medyanka",
        "uic_ref": "2060481"
      },
      "geometry": {
        "type": "Point",
        "coordinates": [
          49.5110187,
          58.8388598
        ]
      },
      "id": "node/2332211333"
    },
    {
      "type": "Feature",
      "properties": {
        "@id": "node/2332211335",
        "description": "Станция 5 класса Кировского региона Горьковской железной дороги - филиала АО «РЖД». Ордината оси КМ082.700. Открыта в 1932 году.",
        "esr:user": "271648",
        "name": "Мосинский",
        "operator": "ОАО «РЖД»",
        "operator:branch": "Горьковская железная дорога",
        "operator:official": "Горьковская дирекция управления движением АО «РЖД»",
        "public_transport": "station",
        "railway": "station",
        "train": "yes",
        "uic_name": "Mosinskij",
        "uic_ref": "2060027"
      },
      "geometry": {
        "type": "Point",
        "coordinates": [
          49.0989699,
          59.159083
        ]
      },
      "id": "node/2332211335"
    },
    {
      "type": "Feature",
      "properties": {
        "@id": "node/2332211337",
        "description": "Станция 5 класса Кировского региона Горьковской железной дороги - филиала ОАО \"РЖД\". Ордината оси КМ053.000. Открыта в 1932 году.",
        "esr:user": "271440",
        "name": "Чащинский",
        "old_name": "Разъезд Чащинский",
        "operator": "ОАО «РЖД»",
        "operator:branch": "Горьковская железная дорога",
        "operator:official": "Горьковская дирекция управления движением",
        "public_transport": "station",
        "railway": "station",
        "train": "yes",
        "uic_name": "Chashinskij",
        "uic_ref": "2060711"
      },
      "geometry": {
        "type": "Point",
        "coordinates": [
          49.3919201,
          58.9482441
        ]
      },
      "id": "node/2332211337"
    },
    {
      "type": "Feature",
      "properties": {
        "@id": "node/2349229711",
        "esr:user": "248603",
        "name": "Новочебоксарск",
        "name:ja": "ノヴォチェボクサルスク",
        "operator": "ОАО «РЖД»",
        "operator:branch": "Горьковская железная дорога",
        "railway": "station",
        "train": "yes",
        "uic_ref": "2061442"
      },
      "geometry": {
        "type": "Point",
        "coordinates": [
          47.5406772,
          56.0742782
        ]
      },
      "id": "node/2349229711"
    },
    {
      "type": "Feature",
      "properties": {
        "@id": "node/2349732599",
        "esr:user": "261307",
        "name": "Починки",
        "name:ja": "ポチンキ",
        "operator": "ОАО «РЖД»",
        "operator:branch": "Горьковская железная дорога",
        "public_transport": "station",
        "railway": "station",
        "train": "yes"
      },
      "geometry": {
        "type": "Point",
        "coordinates": [
          43.8287618,
          56.3668762
        ]
      },
      "id": "node/2349732599"
    },
    {
      "type": "Feature",
      "properties": {
        "@id": "node/2569650131",
        "esr:user": "277409",
        "name": "Игра",
        "name:ja": "イグラ",
        "operator": "ОАО «РЖД»",
        "operator:branch": "Горьковская железная дорога",
        "public_transport": "station",
        "railway": "station",
        "train": "yes",
        "uic_name": "Igra",
        "uic_ref": "2060540"
      },
      "geometry": {
        "type": "Point",
        "coordinates": [
          53.0499898,
          57.5582092
        ]
      },
      "id": "node/2569650131"
    },
    {
      "type": "Feature",
      "properties": {
        "@id": "node/2731379869",
        "esr:user": "275009",
        "gauge": "1520",
        "name": "Шлаковая",
        "operator": "ОАО «РЖД»",
        "operator:branch": "Горьковская железная дорога",
        "operator:official": "Горьковская дирекция управления движением АО «РЖД»",
        "public_transport": "station",
        "railway": "station",
        "train": "yes",
        "uic_name": "Shlakovaya",
        "uic_ref": "2060503"
      },
      "geometry": {
        "type": "Point",
        "coordinates": [
          52.3355349,
          59.0511663
        ]
      },
      "id": "node/2731379869"
    },
    {
      "type": "Feature",
      "properties": {
        "@id": "node/2733326641",
        "alt_name": "101 км",
        "esr:user": "274909",
        "name": "Лесные Поляны",
        "operator": "ОАО «РЖД»",
        "operator:branch": "Горьковская железная дорога",
        "public_transport": "station",
        "railway": "station",
        "train": "yes",
        "uic_name": "Lesnie polyani",
        "uic_ref": "2061415"
      },
      "geometry": {
        "type": "Point",
        "coordinates": [
          52.4040614,
          58.9974291
        ]
      },
      "id": "node/2733326641"
    },
    {
      "type": "Feature",
      "properties": {
        "@id": "node/2826239001",
        "alt_name": "Ишлей",
        "esr:user": "248425",
        "name": "Ишлеи",
        "name:cv": "Ишлей",
        "operator": "ОАО «РЖД»",
        "operator:branch": "Горьковская железная дорога",
        "public_transport": "station",
        "railway": "station",
        "train": "yes",
        "uic_ref": "2060564"
      },
      "geometry": {
        "type": "Point",
        "coordinates": [
          47.0954522,
          56.0493733
        ]
      },
      "id": "node/2826239001"
    },
    {
      "type": "Feature",
      "properties": {
        "@id": "node/2907756840",
        "esr:user": "274701",
        "name": "Озерница-Кировская",
        "operator": "ОАО «РЖД»",
        "operator:branch": "Горьковская железная дорога",
        "operator:official": "Горьковская дирекция управления движением АО «РЖД»",
        "public_transport": "station",
        "railway": "station",
        "train": "yes",
        "uic_ref": "2061521"
      },
      "geometry": {
        "type": "Point",
        "coordinates": [
          52.295057,
          58.7741846
        ]
      },
      "id": "node/2907756840"
    },
    {
      "type": "Feature",
      "properties": {
        "@id": "node/2907821752",
        "esr:user": "275300",
        "name": "Кирc",
        "operator": "ОАО «РЖД»",
        "operator:branch": "Горьковская железная дорога",
        "operator:official": "Горьковская дирекция управления движением АО «РЖД»",
        "public_transport": "station",
        "railway": "station",
        "train": "yes",
        "uic_name": "Kirs",
        "uic_ref": "2002388"
      },
      "geometry": {
        "type": "Point",
        "coordinates": [
          52.225132,
          59.3460065
        ]
      },
      "id": "node/2907821752"
    },
    {
      "type": "Feature",
      "properties": {
        "@id": "node/2908246077",
        "esr:user": "248410",
        "name": "Чебоксары 2",
        "name:cv": "Шупашкар-2",
        "old_name": "9 км",
        "operator": "ОАО «РЖД»",
        "operator:branch": "Горьковская железная дорога",
        "public_transport": "station",
        "railway": "station",
        "train": "yes",
        "uic_ref": "2060899"
      },
      "geometry": {
        "type": "Point",
        "coordinates": [
          47.1913548,
          56.0763473
        ]
      },
      "id": "node/2908246077"
    },
    {
      "type": "Feature",
      "properties": {
        "@id": "node/2908246078",
        "esr:user": "248042",
        "name": "Чагаси",
        "name:cv": "Чакаҫ",
        "old_name": "289 км",
        "operator": "ОАО «РЖД»",
        "operator:branch": "Горьковская железная дорога",
        "public_transport": "station",
        "railway": "station",
        "train": "yes",
        "uic_ref": "2061531"
      },
      "geometry": {
        "type": "Point",
        "coordinates": [
          47.3803556,
          55.4666542
        ]
      },
      "id": "node/2908246078"
    },
    {
      "type": "Feature",
      "properties": {
        "@id": "node/2908246085",
        "esr:user": "248016",
        "name": "Тойси",
        "name:cv": "Туҫа",
        "old_name": "265 км",
        "operator": "ОАО «РЖД»",
        "operator:branch": "Горьковская железная дорога",
        "public_transport": "station",
        "railway": "station",
        "train": "yes",
        "uic_ref": "2060692"
      },
      "geometry": {
        "type": "Point",
        "coordinates": [
          47.1119605,
          55.3481502
        ]
      },
      "id": "node/2908246085"
    },
    {
      "type": "Feature",
      "properties": {
        "@id": "node/2967849710",
        "esr:user": "240300",
        "name": "Селиваново",
        "operator": "ОАО «РЖД»",
        "operator:branch": "Горьковская железная дорога",
        "public_transport": "station",
        "railway": "station",
        "train": "yes",
        "uic_ref": "2060367"
      },
      "geometry": {
        "type": "Point",
        "coordinates": [
          41.7366955,
          55.890343
        ]
      },
      "id": "node/2967849710"
    },
    {
      "type": "Feature",
      "properties": {
        "@id": "node/3095263221",
        "description": "Станция 4 класса Кировского региона Горьковской железной дороги - филиала ОАО \"РЖД\". Ордината оси КМ066.100. Открыта в 1899 году.",
        "name": "Юрья",
        "name:ja": "ユリヤー",
        "name:ru:word_stress": "Юрья́",
        "operator": "ОАО «РЖД»",
        "operator:branch": "Горьковская железная дорога",
        "public_transport": "station",
        "railway": "station",
        "train": "yes",
        "uic_name": "Jurya",
        "uic_ref": "2002492"
      },
      "geometry": {
        "type": "Point",
        "coordinates": [
          49.2726937,
          59.043484
        ]
      },
      "id": "node/3095263221"
    },
    {
      "type": "Feature",
      "properties": {
        "@id": "node/3115011189",
        "esr:user": "269101",
        "name": "Металлист",
        "operator": "ОАО «РЖД»",
        "operator:branch": "Горьковская железная дорога",
        "phone": "+7 (83171) 3-10-32",
        "public_transport": "station",
        "railway": "station",
        "train": "yes",
        "uic_ref": "2060745"
      },
      "geometry": {
        "type": "Point",
        "coordinates": [
          43.0965782,
          55.9719943
        ]
      },
      "id": "node/3115011189"
    },
    {
      "type": "Feature",
      "properties": {
        "@id": "node/3134292650",
        "esr:user": "250730",
        "int_name": "Jubilee",
        "name": "Комбинат",
        "name:en": "Kombinat",
        "name:ru": "Комбинат",
        "operator": "ОАО «РЖД»",
        "operator:branch": "Горьковская железная дорога",
        "public_transport": "station",
        "railway": "station",
        "train": "yes"
      },
      "geometry": {
        "type": "Point",
        "coordinates": [
          49.1798258,
          55.6957527
        ]
      },
      "id": "node/3134292650"
    },
    {
      "type": "Feature",
      "properties": {
        "@id": "node/3139905430",
        "esr:user": "253008",
        "name": "Яранск",
        "name:ja": "ヤランスク",
        "operator": "ОАО «РЖД»",
        "operator:branch": "Горьковская железная дорога",
        "public_transport": "station",
        "railway": "station",
        "train": "yes",
        "uic_ref": "2061547"
      },
      "geometry": {
        "type": "Point",
        "coordinates": [
          47.8417752,
          57.2860281
        ]
      },
      "id": "node/3139905430"
    },
    {
      "type": "Feature",
      "properties": {
        "@id": "node/3194614404",
        "description": "Станция 3 класса Горьковского региона Горьковской железной дороги - филиала ОАО \"РЖД\". Ордината оси КМ622.500. Открыта в 1927 году в составе пускового комплекса Моховые Горы - Котельнич.",
        "esr:user": "266601",
        "name": "Урень",
        "name:ja": "ウレーニ",
        "operator": "ОАО «РЖД»",
        "operator:branch": "Горьковская железная дорога",
        "public_transport": "station",
        "railway": "station",
        "train": "yes",
        "uic_name": "Uren",
        "uic_ref": "2060430"
      },
      "geometry": {
        "type": "Point",
        "coordinates": [
          45.7937325,
          57.4633697
        ]
      },
      "id": "node/3194614404"
    },
    {
      "type": "Feature",
      "properties": {
        "@id": "node/3198249606",
        "esr:user": "275530",
        "name": "Кожиль",
        "operator": "ОАО «РЖД»",
        "operator:branch": "Горьковская железная дорога",
        "operator:official": "Горьковская дирекция управления движением АО «РЖД»",
        "public_transport": "station",
        "railway": "station",
        "train": "yes",
        "uic_ref": "2060505"
      },
      "geometry": {
        "type": "Point",
        "coordinates": [
          52.3478481,
          58.1758668
        ]
      },
      "id": "node/3198249606"
    },
    {
      "type": "Feature",
      "properties": {
        "@id": "node/3198249609",
        "esr:user": "274105",
        "name": "Коса",
        "operator": "ОАО «РЖД»",
        "operator:branch": "Горьковская железная дорога",
        "operator:official": "Горьковская дирекция управления движением АО «РЖД»",
        "public_transport": "station",
        "railway": "station",
        "train": "yes",
        "uic_ref": "2060501"
      },
      "geometry": {
        "type": "Point",
        "coordinates": [
          51.2834875,
          58.416495
        ]
      },
      "id": "node/3198249609"
    },
    {
      "type": "Feature",
      "properties": {
        "@id": "node/3198249628",
        "esr:user": "275827",
        "name": "Шур",
        "note": "По неподтвержденным (пока) данным украинской разведки на 24.06.23 г. станция готовится к закрытию и переводу в статус остановочного пункта, если уже НЕ.",
        "operator": "ОАО «РЖД»",
        "operator:branch": "Горьковская железная дорога",
        "operator:official": "Горьковская дирекция управления движением АО «РЖД»",
        "public_transport": "station",
        "railway": "station",
        "train": "yes",
        "uic_ref": "2061410"
      },
      "geometry": {
        "type": "Point",
        "coordinates": [
          53.1722453,
          57.8783484
        ]
      },
      "id": "node/3198249628"
    },
    {
      "type": "Feature",
      "properties": {
        "@id": "node/3267655303",
        "description": "Станция 4 класса Кировского региона Горьковской железной дороги - филиала ОАО \"РЖД\". Ордината оси КМ947.600. Открыта в 1915 году.",
        "esr:user": "270109",
        "name": "Чухломинский",
        "operator": "ОАО «РЖД»",
        "operator:branch": "Горьковская железная дорога",
        "operator:official": "Горьковская дирекция управления движением",
        "public_transport": "station",
        "railway": "station",
        "train": "yes",
        "uic_ref": "2062428"
      },
      "geometry": {
        "type": "Point",
        "coordinates": [
          49.5429531,
          58.552116
        ]
      },
      "id": "node/3267655303"
    },
    {
      "type": "Feature",
      "properties": {
        "@id": "node/3369827191",
        "description": "Станция 5 класса Горьковского региона Горьковской железной дороги - филиала ОАО \"РЖД\". Ордината оси КМ613.700. Открыта в 1927 году в составе пускового комплекса Моховые Горы - Котельнич.",
        "esr:user": "266508",
        "name": "Уста",
        "operator": "ОАО «РЖД»",
        "operator:branch": "Горьковская железная дорога",
        "public_transport": "station",
        "railway": "station",
        "train": "yes",
        "uic_ref": "2060461"
      },
      "geometry": {
        "type": "Point",
        "coordinates": [
          45.6644547,
          57.4287502
        ]
      },
      "id": "node/3369827191"
    },
    {
      "type": "Feature",
      "properties": {
        "@id": "node/3369829694",
        "description": "Станция 5 класса Горьковского региона Горьковской железной дороги - филиала ОАО \"РЖД\". Ордината оси КМ590.500. Открыта в 1927 году в составе пускового комплекса Моховые Горы - Котельнич.",
        "esr:user": "266300",
        "name": "Шеманиха",
        "operator": "ОАО «РЖД»",
        "operator:branch": "Горьковская железная дорога",
        "public_transport": "station",
        "railway": "station",
        "train": "yes",
        "uic_ref": "2060459"
      },
      "geometry": {
        "type": "Point",
        "coordinates": [
          45.384678,
          57.3025262
        ]
      },
      "id": "node/3369829694"
    },
    {
      "type": "Feature",
      "properties": {
        "@id": "node/3371287011",
        "description": "Станция 4 класса Кировского региона Горьковской железной дороги - филиала ОАО \"РЖД\". Ордината оси КМ759.300. Открыта в 1927 году в составе пускового комплекса Моховые Горы - Котельнич.",
        "esr:user": "267500",
        "name": "Ежиха",
        "operator": "ОАО «РЖД»",
        "operator:branch": "Горьковская железная дорога",
        "public_transport": "station",
        "railway": "station",
        "train": "yes",
        "uic_ref": "2060468"
      },
      "geometry": {
        "type": "Point",
        "coordinates": [
          47.6958077,
          58.0775556
        ]
      },
      "id": "node/3371287011"
    },
    {
      "type": "Feature",
      "properties": {
        "@id": "node/3371287015",
        "description": "Станция 4 класса Горьковского региона Горьковской железной дороги - филиала ОАО \"РЖД\". Ордината оси КМ716.300. Открыта в 1927 году в составе пускового комплекса Моховые Горы - Котельнич.",
        "esr:user": "267200",
        "name": "Пижма",
        "name:ja": "ピジマ",
        "operator": "ОАО «РЖД»",
        "operator:branch": "Горьковская железная дорога",
        "public_transport": "station",
        "railway": "station",
        "train": "yes",
        "uic_name": "Pishma",
        "uic_ref": "2060465"
      },
      "geometry": {
        "type": "Point",
        "coordinates": [
          47.1017782,
          57.8624037
        ]
      },
      "id": "node/3371287015"
    },
    {
      "type": "Feature",
      "properties": {
        "@id": "node/3428451163",
        "esr:user": "247051",
        "name": "Огаревка",
        "name:ru": "Огаревка",
        "operator": "ОАО «РЖД»",
        "operator:branch": "Горьковская железная дорога",
        "public_transport": "station",
        "railway": "station",
        "train": "yes",
        "uic_ref": "2060582"
      },
      "geometry": {
        "type": "Point",
        "coordinates": [
          45.6157104,
          54.3810139
        ]
      },
      "id": "node/3428451163"
    },
    {
      "type": "Feature",
      "properties": {
        "@id": "node/3428452831",
        "esr:user": "247206",
        "name": "Нуя",
        "operator": "ОАО «РЖД»",
        "operator:branch": "Горьковская железная дорога",
        "public_transport": "station",
        "railway": "station",
        "train": "yes",
        "uic_ref": "2060579"
      },
      "geometry": {
        "type": "Point",
        "coordinates": [
          45.8530388,
          54.4497281
        ]
      },
      "id": "node/3428452831"
    },
    {
      "type": "Feature",
      "properties": {
        "@id": "node/3428467154",
        "esr:user": "247507",
        "name": "Светотехника",
        "operator": "ОАО «РЖД»",
        "operator:branch": "Горьковская железная дорога",
        "public_transport": "station",
        "railway": "station",
        "train": "yes",
        "uic_ref": "2060576"
      },
      "geometry": {
        "type": "Point",
        "coordinates": [
          46.3386411,
          54.7841219
        ]
      },
      "id": "node/3428467154"
    },
    {
      "type": "Feature",
      "properties": {
        "@id": "node/3457350327",
        "esr:user": "252929",
        "name": "Табашино",
        "operator": "ОАО «РЖД»",
        "operator:branch": "Горьковская железная дорога",
        "public_transport": "station",
        "railway": "station",
        "train": "yes",
        "uic_ref": "2060588"
      },
      "geometry": {
        "type": "Point",
        "coordinates": [
          47.7071438,
          56.9623347
        ]
      },
      "id": "node/3457350327"
    },
    {
      "type": "Feature",
      "properties": {
        "@id": "node/3459323219",
        "esr:user": "244301",
        "name": "Бобыльская",
        "operator": "ОАО «РЖД»",
        "operator:branch": "Горьковская железная дорога",
        "public_transport": "station",
        "railway": "station",
        "train": "yes",
        "uic_ref": "2060421"
      },
      "geometry": {
        "type": "Point",
        "coordinates": [
          44.2102423,
          55.5150344
        ]
      },
      "id": "node/3459323219"
    },
    {
      "type": "Feature",
      "properties": {
        "@id": "node/3459323220",
        "esr:user": "244212",
        "name": "Трактовый-Арзамасский",
        "operator": "ОАО «РЖД»",
        "operator:branch": "Горьковская железная дорога",
        "public_transport": "station",
        "railway": "station",
        "train": "yes",
        "uic_ref": "2060052"
      },
      "geometry": {
        "type": "Point",
        "coordinates": [
          43.9939968,
          55.4485473
        ]
      },
      "id": "node/3459323220"
    },
    {
      "type": "Feature",
      "properties": {
        "@id": "node/3506688440",
        "esr:user": "911111",
        "name": "Рихард Зорге",
        "name:de": "Richard Sorge",
        "name:ru": "Рихард Зорге",
        "operator": "ОАО «РЖД»",
        "operator:branch": "Горьковская железная дорога",
        "public_transport": "station",
        "railway": "station",
        "train": "yes",
        "uic_name": "Rikhard Zorge",
        "uic_ref": "2006212"
      },
      "geometry": {
        "type": "Point",
        "coordinates": [
          124.9358575,
          55.7389959
        ]
      },
      "id": "node/3506688440"
    },
    {
      "type": "Feature",
      "properties": {
        "@id": "node/3634579570",
        "esr:user": "272710",
        "name": "Октябрьский",
        "operator": "ОАО «РЖД»",
        "operator:branch": "Горьковская железная дорога",
        "operator:official": "Горьковская дирекция управления движением АО «РЖД»",
        "public_transport": "station",
        "railway": "station",
        "train": "yes",
        "uic_name": "Oktiabrsk",
        "uic_ref": "2060703"
      },
      "geometry": {
        "type": "Point",
        "coordinates": [
          47.6998508,
          60.3308952
        ]
      },
      "id": "node/3634579570"
    },
    {
      "type": "Feature",
      "properties": {
        "@id": "node/3634614166",
        "description": "Станция 5 класса Кировского региона Горьковской железной дороги - филиала ОАО \"РЖД\". Ордината оси КМ824.900. Открыта в 1915 году.",
        "esr:user": "268147",
        "name": "Юма",
        "operator": "ОАО «РЖД»",
        "operator:branch": "Горьковская железная дорога",
        "public_transport": "station",
        "railway": "station",
        "train": "yes",
        "uic_ref": "2060471"
      },
      "geometry": {
        "type": "Point",
        "coordinates": [
          47.639181,
          58.279163
        ]
      },
      "id": "node/3634614166"
    },
    {
      "type": "Feature",
      "properties": {
        "@id": "node/3779246047",
        "esr:user": "246805",
        "name": "Оброчное",
        "operator": "ОАО «РЖД»",
        "operator:branch": "Горьковская железная дорога",
        "public_transport": "station",
        "railway": "station",
        "train": "yes",
        "uic_name": "Obrochnoe",
        "uic_ref": "2060418"
      },
      "geometry": {
        "type": "Point",
        "coordinates": [
          45.320569,
          54.6723651
        ]
      },
      "id": "node/3779246047"
    },
    {
      "type": "Feature",
      "properties": {
        "@id": "node/3843090882",
        "esr:user": "243309",
        "name": "Добрятино",
        "operator": "ОАО «РЖД»",
        "operator:branch": "Горьковская железная дорога",
        "public_transport": "station",
        "railway": "station",
        "train": "yes",
        "uic_ref": "2060384"
      },
      "geometry": {
        "type": "Point",
        "coordinates": [
          41.3232762,
          55.5050122
        ]
      },
      "id": "node/3843090882"
    },
    {
      "type": "Feature",
      "properties": {
        "@id": "node/3916950197",
        "esr:user": "255607",
        "name": "Вожой",
        "name:en": "Vozhoy",
        "name:udm": "Вожой",
        "operator": "ОАО «РЖД»",
        "operator:branch": "Горьковская железная дорога",
        "public_transport": "station",
        "railway": "station",
        "train": "yes",
        "uic_ref": "2061616"
      },
      "geometry": {
        "type": "Point",
        "coordinates": [
          53.4515099,
          56.8713312
        ]
      },
      "id": "node/3916950197"
    },
    {
      "type": "Feature",
      "properties": {
        "@id": "node/3991184630",
        "esr:user": "254905",
        "name": "Агрыз",
        "name:en": "Agryz",
        "name:ja": "アグルイズ",
        "name:ru": "Агрыз",
        "name:tt": "Әгерҗе",
        "operator": "ОАО «РЖД»",
        "operator:branch": "Горьковская железная дорога",
        "public_transport": "station",
        "railway": "station",
        "train": "yes",
        "uic_name": "Agris",
        "uic_ref": "2060533"
      },
      "geometry": {
        "type": "Point",
        "coordinates": [
          53.0123045,
          56.5256235
        ]
      },
      "id": "node/3991184630"
    },
    {
      "type": "Feature",
      "properties": {
        "@id": "node/3991184640",
        "esr:user": "264704",
        "name": "Дзержинск",
        "name:ja": "ジェルジンスク",
        "name:zh": "捷尔任斯克",
        "operator": "ОАО «РЖД»",
        "operator:branch": "Горьковская железная дорога",
        "public_transport": "station",
        "railway": "station",
        "train": "yes",
        "uic_name": "Dzerzhinsk",
        "uic_ref": "2060420"
      },
      "geometry": {
        "type": "Point",
        "coordinates": [
          43.4544854,
          56.2281668
        ]
      },
      "id": "node/3991184640"
    },
    {
      "type": "Feature",
      "properties": {
        "@id": "node/3991184656",
        "esr:user": "244706",
        "name": "Смагино",
        "operator": "ОАО «РЖД»",
        "operator:branch": "Горьковская железная дорога",
        "public_transport": "station",
        "railway": "station",
        "train": "yes",
        "uic_name": "Smagino",
        "uic_ref": "2060424"
      },
      "geometry": {
        "type": "Point",
        "coordinates": [
          44.8582568,
          55.5700232
        ]
      },
      "id": "node/3991184656"
    },
    {
      "type": "Feature",
      "properties": {
        "@id": "node/3991186563",
        "esr:user": "274203",
        "name": "Фалёнки",
        "operator": "ОАО «РЖД»",
        "operator:branch": "Горьковская железная дорога",
        "public_transport": "station",
        "railway": "station",
        "train": "yes",
        "uic_name": "Falenki",
        "uic_ref": "2060502"
      },
      "geometry": {
        "type": "Point",
        "coordinates": [
          51.5920483,
          58.3553447
        ]
      },
      "id": "node/3991186563"
    },
    {
      "type": "Feature",
      "properties": {
        "@id": "node/4012096372",
        "esr:user": "275808",
        "name": "Балезино́",
        "operator": "ОАО «РЖД»",
        "operator:branch": "Горьковская железная дорога",
        "public_transport": "station",
        "railway": "station",
        "train": "yes",
        "uic_ref": "2060506",
        "wikidata": "Q4076571",
        "wikipedia": "ru:Балезино (станция)"
      },
      "geometry": {
        "type": "Point",
        "coordinates": [
          53.0051389,
          57.9743015
        ]
      },
      "id": "node/4012096372"
    },
    {
      "type": "Feature",
      "properties": {
        "@id": "node/4012096375",
        "esr:user": "275704",
        "name": "Глазов",
        "name:zh": "格拉佐夫",
        "operator": "ОАО «РЖД»",
        "operator:branch": "Горьковская железная дорога",
        "public_transport": "station",
        "railway": "station",
        "train": "yes",
        "uic_ref": "2060530",
        "wikidata": "Q4139446",
        "wikipedia": "ru:Глазов (станция)"
      },
      "geometry": {
        "type": "Point",
        "coordinates": [
          52.669468,
          58.1323465
        ]
      },
      "id": "node/4012096375"
    },
    {
      "type": "Feature",
      "properties": {
        "@id": "node/4012096385",
        "esr:user": "274307",
        "name": "Яр",
        "operator": "ОАО «РЖД»",
        "operator:branch": "Горьковская железная дорога",
        "public_transport": "station",
        "railway": "station",
        "train": "yes",
        "uic_name": "Jar",
        "uic_ref": "2060490"
      },
      "geometry": {
        "type": "Point",
        "coordinates": [
          52.1116311,
          58.2485169
        ]
      },
      "id": "node/4012096385"
    },
    {
      "type": "Feature",
      "properties": {
        "@id": "node/4016637098",
        "description": "Станция 5 класса Горьковского региона Горьковской железной дороги - филиала ОАО \"РЖД\". Ордината оси КМ734.200. Открыта в 1946 году.",
        "esr:user": "267303",
        "name": "Буреполом",
        "operator": "ОАО «РЖД»",
        "operator:branch": "Горьковская железная дорога",
        "public_transport": "station",
        "railway": "station",
        "train": "yes",
        "uic_name": "Burepolom",
        "uic_ref": "2060466"
      },
      "geometry": {
        "type": "Point",
        "coordinates": [
          47.3561333,
          57.9448684
        ]
      },
      "id": "node/4016637098"
    },
    {
      "type": "Feature",
      "properties": {
        "@id": "node/4016637101",
        "description": "Станция 3 класса, ордината оси КМ547.700, открыта в 1927 году в составе пускового комплекса Моховые Горы - Котельнич.",
        "esr:user": "266005",
        "name": "Сухобезводное",
        "name:ja": "スホベズヴォードノエ",
        "operator": "ОАО «РЖД»",
        "operator:branch": "Горьковская железная дорога",
        "public_transport": "station",
        "railway": "station",
        "train": "yes",
        "uic_name": "Suchobeswodnoe",
        "uic_ref": "2060458"
      },
      "geometry": {
        "type": "Point",
        "coordinates": [
          44.889339,
          57.0448701
        ]
      },
      "id": "node/4016637101"
    },
    {
      "type": "Feature",
      "properties": {
        "@id": "node/4016637103",
        "description": "Станция 1 класса Горьковского региона Горьковской железной дороги - филиала ОАО \"РЖД\". Ордината оси КМ679.900. Открыта в 1927 году в составе пускового комплекса Моховые Горы - Котельнич.",
        "esr:user": "267002",
        "name": "Шахунья",
        "name:ja": "シャフーニヤ",
        "name:zh": "沙胡尼亚",
        "operator": "ОАО «РЖД»",
        "operator:branch": "Горьковская железная дорога",
        "public_transport": "station",
        "railway": "station",
        "train": "yes",
        "uic_name": "Shahunia",
        "uic_ref": "2060440"
      },
      "geometry": {
        "type": "Point",
        "coordinates": [
          46.6179471,
          57.671724
        ]
      },
      "id": "node/4016637103"
    },
    {
      "type": "Feature",
      "properties": {
        "@id": "node/4016637105",
        "esr:user": "250001",
        "name": "Юдино",
        "name:en": "Yudino",
        "operator": "ОАО «РЖД»",
        "operator:branch": "Горьковская железная дорога",
        "public_transport": "station",
        "railway": "station",
        "train": "yes",
        "uic_name": "Judino",
        "uic_ref": "2060616",
        "wikidata": "Q124288",
        "wikipedia": "ru:Юдино (станция)"
      },
      "geometry": {
        "type": "Point",
        "coordinates": [
          48.8921598,
          55.816435
        ]
      },
      "id": "node/4016637105"
    },
    {
      "type": "Feature",
      "properties": {
        "@id": "node/4234085820",
        "esr:user": "248800",
        "name": "Урмары",
        "name:cv": "Вӑрмар",
        "name:ja": "ウルマールィ",
        "operator": "ОАО «РЖД»",
        "operator:branch": "Горьковская железная дорога",
        "public_transport": "station",
        "railway": "station",
        "train": "yes",
        "uic_name": "Urmari",
        "uic_ref": "2001612"
      },
      "geometry": {
        "type": "Point",
        "coordinates": [
          47.9440137,
          55.6865501
        ]
      },
      "id": "node/4234085820"
    },
    {
      "type": "Feature",
      "properties": {
        "@id": "node/4454575591",
        "esr:user": "276923",
        "name": "Угловой",
        "operator": "ОАО «РЖД»",
        "operator:branch": "Горьковская железная дорога",
        "public_transport": "station",
        "railway": "station",
        "train": "yes",
        "uic_ref": "2060518"
      },
      "geometry": {
        "type": "Point",
        "coordinates": [
          52.9173295,
          57.0266709
        ]
      },
      "id": "node/4454575591"
    },
    {
      "type": "Feature",
      "properties": {
        "@id": "node/4530649439",
        "name": "Навашино",
        "name:ja": "ナヴァシノ",
        "operator": "ОАО «РЖД»",
        "operator:branch": "Горьковская железная дорога",
        "public_transport": "station",
        "railway": "station",
        "train": "yes",
        "uic_name": "Nawaschino",
        "uic_ref": "2001011"
      },
      "geometry": {
        "type": "Point",
        "coordinates": [
          42.1914603,
          55.5393917
        ]
      },
      "id": "node/4530649439"
    },
    {
      "type": "Feature",
      "properties": {
        "@id": "node/4530659888",
        "esr:user": "243629",
        "name": "Велетьма",
        "name:ja": "ヴェレチマ",
        "operator": "ОАО «РЖД»",
        "operator:branch": "Горьковская железная дорога",
        "public_transport": "station",
        "railway": "station",
        "train": "yes"
      },
      "geometry": {
        "type": "Point",
        "coordinates": [
          42.3529688,
          55.5368215
        ]
      },
      "id": "node/4530659888"
    },
    {
      "type": "Feature",
      "properties": {
        "@id": "node/4741861341",
        "check_date:wheelchair": "2023-04-23",
        "esr:user": "262210",
        "name": "Болдино",
        "name:en": "Boldino",
        "operator": "ОАО «РЖД»",
        "operator:branch": "Горьковская железная дорога",
        "public_transport": "station",
        "railway": "station",
        "train": "yes",
        "uic_ref": "2060338",
        "wheelchair": "no",
        "wikidata": "Q4090707"
      },
      "geometry": {
        "type": "Point",
        "coordinates": [
          39.7366779,
          55.9528846
        ]
      },
      "id": "node/4741861341"
    },
    {
      "type": "Feature",
      "properties": {
        "@id": "node/4742663644",
        "esr:user": "246504",
        "name": "Арзинка",
        "operator": "ОАО «РЖД»",
        "operator:branch": "Горьковская железная дорога",
        "public_transport": "no",
        "railway": "station",
        "train": "yes",
        "uic_ref": "2060414"
      },
      "geometry": {
        "type": "Point",
        "coordinates": [
          44.689494,
          54.8645178
        ]
      },
      "id": "node/4742663644"
    },
    {
      "type": "Feature",
      "properties": {
        "@id": "node/4766042833",
        "name": "Арзамас-1",
        "name:de": "Arsamas-1",
        "name:zh": "阿尔扎马斯 1",
        "operator": "ОАО «РЖД»",
        "operator:branch": "Горьковская железная дорога",
        "public_transport": "station",
        "railway": "station",
        "start_date": "1901",
        "train": "yes",
        "uic_name": "Arzamas 1",
        "uic_ref": "2000322",
        "wikidata": "Q16273281",
        "wikipedia": "ru:Арзамас I"
      },
      "geometry": {
        "type": "Point",
        "coordinates": [
          43.7898983,
          55.4092041
        ]
      },
      "id": "node/4766042833"
    },
    {
      "type": "Feature",
      "properties": {
        "@id": "node/4766956289",
        "description": "разъезд",
        "name": "408 км",
        "operator": "ОАО «РЖД»",
        "operator:branch": "Горьковская железная дорога",
        "public_transport": "station",
        "railway": "station",
        "train": "yes"
      },
      "geometry": {
        "type": "Point",
        "coordinates": [
          43.814237,
          55.4294001
        ]
      },
      "id": "node/4766956289"
    },
    {
      "type": "Feature",
      "properties": {
        "@id": "node/4769052085",
        "description": "Блок-пост",
        "esr:user": "264930",
        "name": "Новопавловка",
        "old_name": "325 км",
        "operator": "ОАО «РЖД»",
        "operator:branch": "Горьковская железная дорога",
        "public_transport": "station",
        "railway": "station",
        "train": "yes",
        "uic_ref": "2061597"
      },
      "geometry": {
        "type": "Point",
        "coordinates": [
          43.8309562,
          56.149417
        ]
      },
      "id": "node/4769052085"
    },
    {
      "type": "Feature",
      "properties": {
        "@id": "node/4795178527",
        "name": "Красноуфимск",
        "name:ja": "クラスノウフィムスク",
        "operator": "ОАО «РЖД»",
        "operator:branch": "Горьковская железная дорога",
        "public_transport": "station",
        "railway": "station",
        "train": "yes",
        "uic_name": "Krasnoufimsk",
        "uic_ref": "2000816"
      },
      "geometry": {
        "type": "Point",
        "coordinates": [
          57.7579826,
          56.5974527
        ]
      },
      "id": "node/4795178527"
    },
    {
      "type": "Feature",
      "properties": {
        "@id": "node/4795178528",
        "name": "Чернушка",
        "name:ja": "チェルヌシカ",
        "operator": "ОАО «РЖД»",
        "operator:branch": "Горьковская железная дорога",
        "public_transport": "station",
        "railway": "station",
        "train": "yes",
        "uic_name": "Tschernuschka",
        "uic_ref": "2001549"
      },
      "geometry": {
        "type": "Point",
        "coordinates": [
          56.0789184,
          56.498105
        ]
      },
      "id": "node/4795178528"
    },
    {
      "type": "Feature",
      "properties": {
        "@id": "node/4795178529",
        "name": "Янаул",
        "name:ja": "ヤナウール",
        "operator": "ОАО «РЖД»",
        "operator:branch": "Горьковская железная дорога",
        "public_transport": "station",
        "railway": "station",
        "train": "yes",
        "uic_name": "Janaul",
        "uic_ref": "2000641"
      },
      "geometry": {
        "type": "Point",
        "coordinates": [
          54.9286499,
          56.2719722
        ]
      },
      "id": "node/4795178529"
    },
    {
      "type": "Feature",
      "properties": {
        "@id": "node/4795178530",
        "esr:user": "256205",
        "name": "Сарапул",
        "name:ja": "サラプル",
        "operator": "ОАО «РЖД»",
        "operator:branch": "Горьковская железная дорога",
        "public_transport": "station",
        "railway": "station",
        "train": "yes",
        "uic_name": "Sarapul",
        "uic_ref": "2001258"
      },
      "geometry": {
        "type": "Point",
        "coordinates": [
          53.7809575,
          56.4502204
        ]
      },
      "id": "node/4795178530"
    },
    {
      "type": "Feature",
      "properties": {
        "@id": "node/4795178531",
        "esr:user": "254604",
        "name": "Можга",
        "name:en": "Mozhga",
        "name:ja": "モジガ",
        "name:ru": "Можга",
        "operator": "ОАО «РЖД»",
        "operator:branch": "Горьковская железная дорога",
        "public_transport": "station",
        "railway": "station",
        "train": "yes",
        "uic_name": "Moshga",
        "uic_ref": "2000980"
      },
      "geometry": {
        "type": "Point",
        "coordinates": [
          52.202002,
          56.4462205
        ]
      },
      "id": "node/4795178531"
    },
    {
      "type": "Feature",
      "properties": {
        "@id": "node/4795178532",
        "name": "Вятские Поляны",
        "name:ja": "ヴャーツキエ・ポリャーヌィ",
        "operator": "ОАО «РЖД»",
        "operator:branch": "Горьковская железная дорога",
        "public_transport": "station",
        "railway": "station",
        "train": "yes",
        "uic_name": "Wjatskie Poljani",
        "uic_ref": "2001670",
        "wheelchair": "limited"
      },
      "geometry": {
        "type": "Point",
        "coordinates": [
          51.0329213,
          56.2295164
        ]
      },
      "id": "node/4795178532"
    },
    {
      "type": "Feature",
      "properties": {
        "@id": "node/4795178533",
        "alt_name": "Казань",
        "alt_name:ru": "Казань",
        "esr:user": "250302",
        "name": "Казань-Пассажирская",
        "name:ca": "Estació de passatgers de Kazan",
        "name:en": "Kazan-Passazhirskaya",
        "name:ru": "Казань-Пассажирская",
        "name:tt": "Казан-Пассажирлы",
        "name:tt-lat": "Qazan-Passajirlı",
        "name:zh": "喀山客运",
        "opening_hours": "24/7",
        "operator": "ОАО «РЖД»",
        "operator:branch": "Горьковская железная дорога",
        "public_transport": "station",
        "railway": "station",
        "train": "yes",
        "uic_name": "Kazan Passajirskij",
        "uic_ref": "2000715",
        "wikidata": "Q34085",
        "wikipedia": "ru:Казань-Пассажирская"
      },
      "geometry": {
        "type": "Point",
        "coordinates": [
          49.0997021,
          55.7886328
        ]
      },
      "id": "node/4795178533"
    },
    {
      "type": "Feature",
      "properties": {
        "@id": "node/4795178534",
        "alt_name": "Канаш-1;Канаш 1",
        "esr:user": "248105",
        "name": "Канаш",
        "name:cv": "Канаш",
        "name:de": "Kanasch",
        "name:ja": "カナシ",
        "operator": "ОАО «РЖД»",
        "operator:branch": "Горьковская железная дорога",
        "public_transport": "station",
        "railway": "station",
        "train": "yes",
        "uic_name": "Kanasch",
        "uic_ref": "2000690"
      },
      "geometry": {
        "type": "Point",
        "coordinates": [
          47.4773325,
          55.5101327
        ]
      },
      "id": "node/4795178534"
    },
    {
      "type": "Feature",
      "properties": {
        "@id": "node/4795178535",
        "name": "Пильна",
        "name:ja": "ピリナ",
        "network": "РЖД",
        "network:en": "RZD",
        "network:ru": "РЖД",
        "network:wikidata": "Q660770",
        "operator": "ОАО «РЖД»",
        "operator:branch": "Горьковская железная дорога",
        "public_transport": "station",
        "railway": "station",
        "train": "yes",
        "uic_name": "Pilna",
        "uic_ref": "2001141"
      },
      "geometry": {
        "type": "Point",
        "coordinates": [
          45.9217397,
          55.5433013
        ]
      },
      "id": "node/4795178535"
    },
    {
      "type": "Feature",
      "properties": {
        "@id": "node/4795178536",
        "esr:user": "245003",
        "name": "Сергач",
        "name:ja": "セルガチ",
        "operator": "ОАО «РЖД»",
        "operator:branch": "Горьковская железная дорога",
        "public_transport": "station",
        "railway": "station",
        "train": "yes",
        "uic_name": "Sergatsch",
        "uic_ref": "2060410"
      },
      "geometry": {
        "type": "Point",
        "coordinates": [
          45.4957465,
          55.5195962
        ]
      },
      "id": "node/4795178536"
    },
    {
      "type": "Feature",
      "properties": {
        "@id": "node/4795178537",
        "esr:user": "244208",
        "name": "Арзамас-2",
        "name:zh": "阿尔扎马斯 2",
        "operator": "ОАО «РЖД»",
        "operator:branch": "Горьковская железная дорога",
        "public_transport": "station",
        "railway": "station",
        "train": "yes",
        "uic_ref": "2060390"
      },
      "geometry": {
        "type": "Point",
        "coordinates": [
          43.851375,
          55.417486
        ]
      },
      "id": "node/4795178537"
    },
    {
      "type": "Feature",
      "properties": {
        "@id": "node/4795178539",
        "esr:user": "241604",
        "name": "Вековка",
        "operator": "ОАО «РЖД»",
        "operator:branch": "Горьковская железная дорога",
        "public_transport": "station",
        "railway": "station",
        "train": "yes",
        "uic_name": "Wekowka",
        "uic_ref": "2001639",
        "wikipedia": "ru:Вековка (станция)"
      },
      "geometry": {
        "type": "Point",
        "coordinates": [
          40.8037685,
          55.4998833
        ]
      },
      "id": "node/4795178539"
    },
    {
      "type": "Feature",
      "properties": {
        "@id": "node/5169575714",
        "esr:user": "269703",
        "name": "Мыза",
        "operator": "ОАО «РЖД»",
        "operator:branch": "Горьковская железная дорога",
        "public_transport": "station",
        "railway": "station",
        "train": "yes",
        "uic_ref": "2061500"
      },
      "geometry": {
        "type": "Point",
        "coordinates": [
          43.9811441,
          56.2515478
        ]
      },
      "id": "node/5169575714"
    },
    {
      "type": "Feature",
      "properties": {
        "@id": "node/5171478035",
        "description": "Только грузовые операции, пассажирского движения нет.",
        "esr:user": "273304",
        "internet_access": "yes",
        "internet_access:fee": "customers",
        "name": "Вятка",
        "operator": "ОАО «РЖД»",
        "operator:branch": "Горьковская железная дорога",
        "operator:official": "Горьковская дирекция управления движением РЖД",
        "public_transport": "no",
        "railway": "station",
        "train": "yes"
      },
      "geometry": {
        "type": "Point",
        "coordinates": [
          49.5724592,
          58.6272289
        ]
      },
      "id": "node/5171478035"
    },
    {
      "type": "Feature",
      "properties": {
        "@id": "node/5171508722",
        "esr:user": "252505",
        "name": "Нолька",
        "operator": "ОАО «РЖД»",
        "operator:branch": "Горьковская железная дорога",
        "public_transport": "station",
        "railway": "station",
        "train": "yes",
        "uic_ref": "2060594"
      },
      "geometry": {
        "type": "Point",
        "coordinates": [
          47.6626391,
          56.6690122
        ]
      },
      "id": "node/5171508722"
    },
    {
      "type": "Feature",
      "properties": {
        "@id": "node/5212392063",
        "esr:user": "246203",
        "name": "Первомайск-Горьковский",
        "operator": "ОАО «РЖД»",
        "operator:branch": "Горьковская железная дорога",
        "public_transport": "station",
        "railway": "station",
        "uic_name": "Pervomaisk-Gorkovskii",
        "uic_ref": "2060406"
      },
      "geometry": {
        "type": "Point",
        "coordinates": [
          43.801538,
          54.8772918
        ]
      },
      "id": "node/5212392063"
    },
    {
      "type": "Feature",
      "properties": {
        "@id": "node/5315349141",
        "alt_name": "1217 км",
        "esr:user": "275916",
        "name": "Путевой пост 1217 км",
        "operator": "ОАО «РЖД»",
        "operator:branch": "Горьковская железная дорога",
        "public_transport": "station",
        "railway": "station",
        "train": "yes"
      },
      "geometry": {
        "type": "Point",
        "coordinates": [
          53.3277033,
          57.8630875
        ]
      },
      "id": "node/5315349141"
    },
    {
      "type": "Feature",
      "properties": {
        "@id": "node/5691037820",
        "loc_name": "Москарик",
        "name": "Нижний Новгород-Московский",
        "name:zh": "下诺夫哥罗德-莫斯科",
        "old_name": "Горький-Московский",
        "operator": "ОАО «РЖД»",
        "operator:branch": "Горьковская железная дорога",
        "public_transport": "station",
        "railway": "station",
        "train": "yes",
        "uic_name": "Nishnij Novgorod Moskovsk",
        "uic_ref": "2000570"
      },
      "geometry": {
        "type": "Point",
        "coordinates": [
          43.9456934,
          56.3221653
        ]
      },
      "id": "node/5691037820"
    },
    {
      "type": "Feature",
      "properties": {
        "@id": "node/5691045823",
        "esr:user": "265806",
        "name": "Семёнов",
        "name:de": "Semjonow",
        "name:en": "Semyonov",
        "name:ja": "セミョーノフ",
        "name:ru": "Семёнов",
        "operator": "ОАО «РЖД»",
        "operator:branch": "Горьковская железная дорога",
        "public_transport": "station",
        "railway": "station",
        "train": "yes",
        "uic_name": "Semenow",
        "uic_ref": "2060456"
      },
      "geometry": {
        "type": "Point",
        "coordinates": [
          44.4805322,
          56.7940659
        ]
      },
      "id": "node/5691045823"
    },
    {
      "type": "Feature",
      "properties": {
        "@id": "node/5691045824",
        "name": "Владимир",
        "name:en": "Vladimir",
        "name:zh": "弗拉基米尔",
        "operator": "ОАО «РЖД»",
        "operator:branch": "Горьковская железная дорога",
        "public_transport": "station",
        "railway": "station",
        "train": "yes",
        "uic_name": "Wladimir Pass",
        "uic_ref": "2001676",
        "wikidata": "Q4113022",
        "wikipedia": "ru:Владимир (станция)"
      },
      "geometry": {
        "type": "Point",
        "coordinates": [
          40.4199873,
          56.1295267
        ]
      },
      "id": "node/5691045824"
    },
    {
      "type": "Feature",
      "properties": {
        "@id": "node/5691045827",
        "description": "Внеклассная станция Кировского региона Горьковской железной дороги - филиала АО «РЖД». Ордината оси КМ955.000. Открыта в 1899 году.",
        "esr:user": "270202",
        "name": "Киров-Пассажирский",
        "name:zh": "基洛夫客运",
        "operator": "ОАО «РЖД»",
        "operator:branch": "Горьковская железная дорога",
        "public_transport": "station",
        "railway": "station",
        "train": "yes",
        "uic_ref": "2060600"
      },
      "geometry": {
        "type": "Point",
        "coordinates": [
          49.6523244,
          58.578263
        ]
      },
      "id": "node/5691045827"
    },
    {
      "type": "Feature",
      "properties": {
        "@id": "node/6190562885",
        "esr:user": "265401",
        "name": "Киселиха",
        "operator": "ОАО «РЖД»",
        "operator:branch": "Горьковская железная дорога",
        "public_transport": "station",
        "railway": "station",
        "train": "yes",
        "uic_ref": "2060451"
      },
      "geometry": {
        "type": "Point",
        "coordinates": [
          44.0436807,
          56.4736843
        ]
      },
      "id": "node/6190562885"
    },
    {
      "type": "Feature",
      "properties": {
        "@id": "node/6200057685",
        "esr:user": "250124",
        "name": "Новое Аракчино",
        "name:en": "Novoe Arakchino",
        "name:ru": "Новое Аракчино",
        "operator": "ОАО «РЖД»",
        "operator:branch": "Горьковская железная дорога",
        "public_transport": "station",
        "railway": "station",
        "train": "yes",
        "uic_ref": "2060056"
      },
      "geometry": {
        "type": "Point",
        "coordinates": [
          48.9532426,
          55.805699
        ]
      },
      "id": "node/6200057685"
    },
    {
      "type": "Feature",
      "properties": {
        "@id": "node/6212354325",
        "esr:user": "240103",
        "name": "Стройдеталь",
        "operator": "ОАО «РЖД»",
        "operator:branch": "Горьковская железная дорога",
        "public_transport": "station",
        "railway": "station",
        "train": "yes",
        "uic_ref": "2060388"
      },
      "geometry": {
        "type": "Point",
        "coordinates": [
          41.996138,
          55.5996595
        ]
      },
      "id": "node/6212354325"
    },
    {
      "type": "Feature",
      "properties": {
        "@id": "node/6263489803",
        "esr:user": "252806",
        "name": "Нужьялы",
        "operator": "ОАО «РЖД»",
        "operator:branch": "Горьковская железная дорога",
        "public_transport": "station",
        "railway": "station",
        "train": "yes",
        "uic_ref": "2060592"
      },
      "geometry": {
        "type": "Point",
        "coordinates": [
          47.6472732,
          56.775396
        ]
      },
      "id": "node/6263489803"
    },
    {
      "type": "Feature",
      "properties": {
        "@id": "node/6303985087",
        "esr:user": "265609",
        "name": "Линда",
        "operator": "ОАО «РЖД»",
        "operator:branch": "Горьковская железная дорога",
        "public_transport": "station",
        "railway": "station",
        "train": "yes",
        "uic_ref": "2060453"
      },
      "geometry": {
        "type": "Point",
        "coordinates": [
          44.1024368,
          56.6126787
        ]
      },
      "id": "node/6303985087"
    },
    {
      "type": "Feature",
      "properties": {
        "@id": "node/6304010084",
        "esr:user": "265505",
        "name": "Каликино",
        "operator": "ОАО «РЖД»",
        "operator:branch": "Горьковская железная дорога",
        "public_transport": "station",
        "railway": "station",
        "train": "yes",
        "uic_ref": "2060452"
      },
      "geometry": {
        "type": "Point",
        "coordinates": [
          44.0611528,
          56.5459019
        ]
      },
      "id": "node/6304010084"
    },
    {
      "type": "Feature",
      "properties": {
        "@id": "node/6304067044",
        "esr:user": "265308",
        "name": "Толоконцево",
        "operator": "ОАО «РЖД»",
        "operator:branch": "Горьковская железная дорога",
        "public_transport": "station",
        "railway": "station",
        "train": "yes",
        "uic_ref": "2060449"
      },
      "geometry": {
        "type": "Point",
        "coordinates": [
          43.9820608,
          56.4064013
        ]
      },
      "id": "node/6304067044"
    },
    {
      "type": "Feature",
      "properties": {
        "@id": "node/6322984634",
        "description": "Станция 4 класса Горьковского региона Горьковской железной дороги - филиала ОАО \"РЖД\". Ордината оси КМ568.700. Открыта в 1927 году в составе пускового комплекса Моховые Горы - Котельнич.",
        "esr:user": "266207",
        "name": "Ветлужская",
        "operator": "ОАО «РЖД»",
        "operator:branch": "Горьковская железная дорога",
        "public_transport": "station",
        "railway": "station",
        "train": "yes",
        "uic_ref": "2061625"
      },
      "geometry": {
        "type": "Point",
        "coordinates": [
          45.1230101,
          57.1716241
        ]
      },
      "id": "node/6322984634"
    },
    {
      "type": "Feature",
      "properties": {
        "@id": "node/6349343407",
        "description": "Станция 5 класса Горьковского региона Горьковской железной дороги - филиала ОАО \"РЖД\". Ордината оси КМ740.500. Открыта в 1927 году в составе пускового комплекса Моховые Горы - Котельнич.",
        "esr:user": "267407",
        "name": "Шерстки",
        "operator": "ОАО «РЖД»",
        "operator:branch": "Горьковская железная дорога",
        "public_transport": "station",
        "railway": "station",
        "train": "yes",
        "uic_name": "Scherstki",
        "uic_ref": "2001288"
      },
      "geometry": {
        "type": "Point",
        "coordinates": [
          47.4458116,
          57.9747725
        ]
      },
      "id": "node/6349343407"
    },
    {
      "type": "Feature",
      "properties": {
        "@id": "node/6355821034",
        "description": "Станция 4 класса Кировского региона Горьковской железной дороги - филиала ОАО \"РЖД\". Ордината оси КМ783.400. Открыта в 1927 году в составе пускового комплекса Моховые Горы - Котельнич.",
        "esr:user": "267604",
        "name": "Иготино",
        "operator": "ОАО «РЖД»",
        "operator:branch": "Горьковская железная дорога",
        "public_transport": "station",
        "railway": "station",
        "train": "yes",
        "uic_ref": "2060469"
      },
      "geometry": {
        "type": "Point",
        "coordinates": [
          48.0340995,
          58.1964228
        ]
      },
      "id": "node/6355821034"
    },
    {
      "type": "Feature",
      "properties": {
        "@id": "node/6371466133",
        "description": "Станция 4 класса Кировского региона Горьковской железной дороги - филиала ОАО \"РЖД\". Ордината оси КМ887.700. Открыта в 1915 году.",
        "esr:user": "268202",
        "name": "Марадыковский",
        "operator": "ОАО «РЖД»",
        "operator:branch": "Горьковская железная дорога",
        "public_transport": "station",
        "railway": "station",
        "train": "yes",
        "uic_name": "Maradikowskij",
        "uic_ref": "2060473"
      },
      "geometry": {
        "type": "Point",
        "coordinates": [
          48.6378936,
          58.311642
        ]
      },
      "id": "node/6371466133"
    },
    {
      "type": "Feature",
      "properties": {
        "@id": "node/6380447057",
        "description": "Станция 4 класса Кировского региона Горьковской железной дороги - филиала ОАО \"РЖД\". Ордината оси КМ914.300. Открыта в 1906 году.",
        "esr:user": "268503",
        "name": "Оричи",
        "operator": "ОАО «РЖД»",
        "operator:branch": "Горьковская железная дорога",
        "public_transport": "station",
        "railway": "station",
        "train": "yes",
        "uic_ref": "2060476"
      },
      "geometry": {
        "type": "Point",
        "coordinates": [
          49.0558139,
          58.4038144
        ]
      },
      "id": "node/6380447057"
    },
    {
      "type": "Feature",
      "properties": {
        "@id": "node/6387401811",
        "description": "Внеклассная станция Кировского региона Горьковской железной дороги - филиала ОАО \"РЖД\". Ордината оси КМ941.300. Открыта в 1906 году.",
        "esr:user": "270005",
        "name": "Лянгасово",
        "operator": "ОАО «РЖД»",
        "operator:branch": "Горьковская железная дорога",
        "operator:official": "Горьковская дирекция управления движением ОАО \"РЖД\"",
        "public_transport": "station",
        "railway": "station",
        "train": "yes",
        "uic_ref": "2060478"
      },
      "geometry": {
        "type": "Point",
        "coordinates": [
          49.4591256,
          58.5169192
        ]
      },
      "id": "node/6387401811"
    },
    {
      "type": "Feature",
      "properties": {
        "@id": "node/6418646396",
        "description": "Станция 5 класса Кировского региона Горьковской железной дороги - филиала АО «РЖД». Ордината оси КМ007.000. Открыта в 1948 году. Только грузовые операции. Пассажирского движения нет.",
        "esr:user": "270403",
        "name": "Киров-Заводская",
        "operator": "ОАО «РЖД»",
        "operator:branch": "Горьковская железная дорога",
        "operator:official": "Горьковская дирекция управления движением АО «РЖД»",
        "public_transport": "no",
        "railway": "station",
        "train": "yes"
      },
      "geometry": {
        "type": "Point",
        "coordinates": [
          49.6537222,
          58.6219412
        ]
      },
      "id": "node/6418646396"
    },
    {
      "type": "Feature",
      "properties": {
        "@id": "node/6419354129",
        "name": "Кукмор",
        "name:en": "Kukmor",
        "name:ja": "クークモル",
        "name:ru": "Кукмор",
        "operator": "ОАО «РЖД»",
        "operator:branch": "Горьковская железная дорога",
        "public_transport": "station",
        "railway": "station",
        "train": "yes",
        "uic_name": "Kukmor",
        "uic_ref": "2000841",
        "wheelchair": "yes"
      },
      "geometry": {
        "type": "Point",
        "coordinates": [
          50.9191173,
          56.1808941
        ]
      },
      "id": "node/6419354129"
    },
    {
      "type": "Feature",
      "properties": {
        "@id": "node/6431811136",
        "name": "Шумерля",
        "name:cv": "Ҫӗмӗрле",
        "name:ja": "シュメルリャ",
        "operator": "ОАО «РЖД»",
        "operator:branch": "Горьковская железная дорога",
        "public_transport": "station",
        "railway": "station",
        "train": "yes",
        "uic_name": "Schumerlja",
        "uic_ref": "2001302"
      },
      "geometry": {
        "type": "Point",
        "coordinates": [
          46.4112436,
          55.4908491
        ]
      },
      "id": "node/6431811136"
    },
    {
      "type": "Feature",
      "properties": {
        "@id": "node/6433935238",
        "description": "Станция 4 класса кировского региона Горьковской железной дороги - филиала ОАО \"РЖД\". Ордината оси КМ068.300. Открыта в 1936 году. Только грузовые операции. Пассажирского движения нет.",
        "esr:user": "271101",
        "name": "Белка-Слободская",
        "operator": "ОАО «РЖД»",
        "operator:branch": "Горьковская железная дорога",
        "operator:official": "Горьковская дирекция управления движением РЖД",
        "public_transport": "no",
        "railway": "station",
        "train": "yes"
      },
      "geometry": {
        "type": "Point",
        "coordinates": [
          50.1387584,
          58.6747606
        ]
      },
      "id": "node/6433935238"
    },
    {
      "type": "Feature",
      "properties": {
        "@id": "node/6466448623",
        "esr:user": "251004",
        "name": "Дербышки",
        "operator": "ОАО «РЖД»",
        "operator:branch": "Горьковская железная дорога",
        "public_transport": "station",
        "railway": "station",
        "train": "yes",
        "uic_ref": "2060617",
        "wikidata": "Q83386"
      },
      "geometry": {
        "type": "Point",
        "coordinates": [
          49.1964536,
          55.8537996
        ]
      },
      "id": "node/6466448623"
    },
    {
      "type": "Feature",
      "properties": {
        "@id": "node/6467774278",
        "esr:user": "256135",
        "name": "Бугрыш",
        "operator": "ОАО «РЖД»",
        "operator:branch": "Горьковская железная дорога",
        "public_transport": "station",
        "railway": "station",
        "train": "yes",
        "uic_ref": "2061412"
      },
      "geometry": {
        "type": "Point",
        "coordinates": [
          53.4374813,
          56.4923817
        ]
      },
      "id": "node/6467774278"
    },
    {
      "type": "Feature",
      "properties": {
        "@id": "node/6467774517",
        "esr:user": "256027",
        "name": "Кичево",
        "operator": "ОАО «РЖД»",
        "operator:branch": "Горьковская железная дорога",
        "public_transport": "station",
        "railway": "station",
        "train": "yes",
        "uic_ref": "2060534"
      },
      "geometry": {
        "type": "Point",
        "coordinates": [
          53.2100545,
          56.5121449
        ]
      },
      "id": "node/6467774517"
    },
    {
      "type": "Feature",
      "properties": {
        "@id": "node/6467774931",
        "esr:user": "257937",
        "name": "Рабак",
        "operator": "ОАО «РЖД»",
        "operator:branch": "Горьковская железная дорога",
        "public_transport": "station",
        "railway": "station",
        "train": "yes",
        "uic_ref": "2060543"
      },
      "geometry": {
        "type": "Point",
        "coordinates": [
          55.2556524,
          56.3470251
        ]
      },
      "id": "node/6467774931"
    },
    {
      "type": "Feature",
      "properties": {
        "@id": "node/6467774932",
        "esr:user": "258610",
        "name": "Чёрная Речка",
        "operator": "ОАО «РЖД»",
        "operator:branch": "Горьковская железная дорога",
        "public_transport": "station",
        "railway": "station",
        "train": "yes",
        "uic_name": "Chernaya Rechka",
        "uic_ref": "2060551"
      },
      "geometry": {
        "type": "Point",
        "coordinates": [
          57.4329604,
          56.5424645
        ]
      },
      "id": "node/6467774932"
    },
    {
      "type": "Feature",
      "properties": {
        "@id": "node/6651225306",
        "esr:user": "264521",
        "name": "Жолнино",
        "operator": "ОАО «РЖД»",
        "operator:branch": "Горьковская железная дорога",
        "public_transport": "station",
        "railway": "station",
        "train": "yes",
        "uic_ref": "2060445"
      },
      "geometry": {
        "type": "Point",
        "coordinates": [
          43.3209774,
          56.2226296
        ]
      },
      "id": "node/6651225306"
    },
    {
      "type": "Feature",
      "properties": {
        "@id": "node/6651634384",
        "esr:user": "264413",
        "name": "Фролищи",
        "name:ja": "フロリシチ",
        "operator": "ОАО «РЖД»",
        "operator:branch": "Горьковская железная дорога",
        "public_transport": "station",
        "railway": "station",
        "train": "yes",
        "uic_ref": "2061484"
      },
      "geometry": {
        "type": "Point",
        "coordinates": [
          42.6348201,
          56.4127581
        ]
      },
      "id": "node/6651634384"
    },
    {
      "type": "Feature",
      "properties": {
        "@id": "node/6651662385",
        "esr:user": "264127",
        "name": "Инженерная",
        "operator": "ОАО «РЖД»",
        "operator:branch": "Горьковская железная дорога",
        "public_transport": "station",
        "railway": "station",
        "train": "yes",
        "uic_ref": "2060697"
      },
      "geometry": {
        "type": "Point",
        "coordinates": [
          42.8230293,
          56.2736433
        ]
      },
      "id": "node/6651662385"
    },
    {
      "type": "Feature",
      "properties": {
        "@id": "node/6786453539",
        "esr:user": "244000",
        "name": "Мухтолово",
        "name:ja": "ムフトロヴォ",
        "operator": "ОАО «РЖД»",
        "operator:branch": "Горьковская железная дорога",
        "public_transport": "station",
        "railway": "station",
        "train": "yes",
        "uic_name": "Muchtolowo",
        "uic_ref": "2000995"
      },
      "geometry": {
        "type": "Point",
        "coordinates": [
          43.2011246,
          55.4641597
        ]
      },
      "id": "node/6786453539"
    },
    {
      "type": "Feature",
      "properties": {
        "@id": "node/6997266573",
        "esr:user": "243807",
        "name": "Теша",
        "operator": "ОАО «РЖД»",
        "operator:branch": "Горьковская железная дорога",
        "public_transport": "station",
        "railway": "station",
        "train": "yes",
        "uic_ref": "2060391"
      },
      "geometry": {
        "type": "Point",
        "coordinates": [
          42.8148365,
          55.5130599
        ]
      },
      "id": "node/6997266573"
    },
    {
      "type": "Feature",
      "properties": {
        "@id": "node/6997287974",
        "esr:user": "243826",
        "name": "Венец",
        "operator": "ОАО «РЖД»",
        "operator:branch": "Горьковская железная дорога",
        "public_transport": "station",
        "railway": "station",
        "train": "yes",
        "uic_ref": "2060392"
      },
      "geometry": {
        "type": "Point",
        "coordinates": [
          42.9846996,
          55.499185
        ]
      },
      "id": "node/6997287974"
    },
    {
      "type": "Feature",
      "properties": {
        "@id": "node/7029611282",
        "esr:user": "273408",
        "name": "Поздино",
        "operator": "ОАО «РЖД»",
        "operator:branch": "Горьковская железная дорога",
        "operator:official": "Горьковская дирекция управления движением АО «РЖД»",
        "public_transport": "station",
        "railway": "station",
        "train": "yes",
        "uic_ref": "2060479"
      },
      "geometry": {
        "type": "Point",
        "coordinates": [
          49.6981995,
          58.4952692
        ]
      },
      "id": "node/7029611282"
    },
    {
      "type": "Feature",
      "properties": {
        "@id": "node/7178711671",
        "esr:user": "245709",
        "name": "Пешелань",
        "operator": "ОАО «РЖД»",
        "operator:branch": "Горьковская железная дорога",
        "railway": "station",
        "train": "yes",
        "uic_ref": "2060404"
      },
      "geometry": {
        "type": "Point",
        "coordinates": [
          43.9302466,
          55.2959441
        ]
      },
      "id": "node/7178711671"
    },
    {
      "type": "Feature",
      "properties": {
        "@id": "node/7807969155",
        "esr:user": "247808",
        "name": "Киря",
        "name:cv": "Кире",
        "operator": "ОАО «РЖД»",
        "operator:branch": "Горьковская железная дорога",
        "public_transport": "station",
        "railway": "station",
        "train": "yes",
        "uic_ref": "2060573"
      },
      "geometry": {
        "type": "Point",
        "coordinates": [
          46.8603015,
          55.0818704
        ]
      },
      "id": "node/7807969155"
    },
    {
      "type": "Feature",
      "properties": {
        "@id": "node/8242891692",
        "esr:user": "255409",
        "name": "Ижевск",
        "name:en": "Izhevsk",
        "name:ja": "イジェフスク",
        "name:ru": "Ижевск",
        "name:zh": "伊热夫斯克",
        "operator": "ОАО «РЖД»",
        "operator:branch": "Горьковская железная дорога",
        "public_transport": "station",
        "railway": "station",
        "train": "yes",
        "uic_name": "Ijevsk",
        "uic_ref": "2060150",
        "wheelchair": "yes"
      },
      "geometry": {
        "type": "Point",
        "coordinates": [
          53.1899435,
          56.8019011
        ]
      },
      "id": "node/8242891692"
    },
    {
      "type": "Feature",
      "properties": {
        "@id": "node/8546851337",
        "esr:user": "260003",
        "name": "Нижний Новгород-Сортировочный",
        "network": "Нижегородская городская электричка",
        "operator": "ОАО «РЖД»",
        "operator:branch": "Горьковская железная дорога",
        "public_transport": "station",
        "railway": "station",
        "train": "yes",
        "uic_name": "Nishnij Novgorod Sortirovochnij",
        "uic_ref": "2000569"
      },
      "geometry": {
        "type": "Point",
        "coordinates": [
          43.8533051,
          56.2862083
        ]
      },
      "id": "node/8546851337"
    },
    {
      "type": "Feature",
      "properties": {
        "@id": "node/8685279498",
        "alt_name": "остановка Второво",
        "esr:user": "262941",
        "name": "Второво",
        "operator": "ОАО «РЖД»",
        "operator:branch": "Горьковская железная дорога",
        "public_transport": "station",
        "railway": "station",
        "train": "yes",
        "uic_ref": "2060344"
      },
      "geometry": {
        "type": "Point",
        "coordinates": [
          40.7864291,
          56.26893
        ]
      },
      "id": "node/8685279498"
    },
    {
      "type": "Feature",
      "properties": {
        "@id": "node/8699278490",
        "description": "Только грузовые операции. Пассажирского движения нет.",
        "esr:user": "271205",
        "name": "Вахрушево",
        "operator": "ОАО «РЖД»",
        "operator:branch": "Горьковская железная дорога",
        "public_transport": "no",
        "railway": "station",
        "train": "yes",
        "uic_ref": "2060759"
      },
      "geometry": {
        "type": "Point",
        "coordinates": [
          50.0317417,
          58.6753635
        ]
      },
      "id": "node/8699278490"
    },
    {
      "type": "Feature",
      "properties": {
        "@id": "node/8990418019",
        "name": "Ковров 1",
        "name:de": "Kowrow 1",
        "name:zh": "科夫罗夫 1",
        "operator": "ОАО «РЖД»",
        "operator:branch": "Горьковская железная дорога",
        "public_transport": "station",
        "railway": "station",
        "train": "yes",
        "uic_name": "Kovrov 1",
        "uic_ref": "2000808"
      },
      "geometry": {
        "type": "Point",
        "coordinates": [
          41.3045705,
          56.3687302
        ]
      },
      "id": "node/8990418019"
    },
    {
      "type": "Feature",
      "properties": {
        "@id": "node/8990418020",
        "esr:user": "240404",
        "name": "Волосатая",
        "operator": "ОАО «РЖД»",
        "operator:branch": "Горьковская железная дорога",
        "public_transport": "station",
        "railway": "station",
        "train": "yes",
        "uic_ref": "2060366"
      },
      "geometry": {
        "type": "Point",
        "coordinates": [
          41.6211383,
          55.9741978
        ]
      },
      "id": "node/8990418020"
    },
    {
      "type": "Feature",
      "properties": {
        "@id": "node/9022902119",
        "esr:user": "242113",
        "name": "Окатово",
        "name:de": "Okatowo",
        "operator": "ОАО «РЖД»",
        "operator:branch": "Горьковская железная дорога",
        "railway": "station",
        "train": "yes",
        "uic_ref": "2060378"
      },
      "geometry": {
        "type": "Point",
        "coordinates": [
          40.6101907,
          55.4900431
        ]
      },
      "id": "node/9022902119"
    },
    {
      "type": "Feature",
      "properties": {
        "@id": "node/9022902120",
        "esr:user": "242908",
        "name": "Нечаевская",
        "name:de": "Netschajewskaja",
        "operator": "ОАО «РЖД»",
        "operator:branch": "Горьковская железная дорога",
        "public_transport": "station",
        "railway": "station",
        "train": "yes",
        "uic_ref": "2060374"
      },
      "geometry": {
        "type": "Point",
        "coordinates": [
          40.5982615,
          55.5019851
        ]
      },
      "id": "node/9022902120"
    },
    {
      "type": "Feature",
      "properties": {
        "@id": "node/9023119069",
        "esr:user": "247009",
        "name": "Красный Узел",
        "operator": "ОАО «РЖД»",
        "operator:branch": "Горьковская железная дорога",
        "public_transport": "station",
        "railway": "station",
        "train": "yes",
        "uic_name": "Krasnij Uzel",
        "uic_ref": "2060011",
        "wikidata": "Q4239628",
        "wikipedia": "ru:Красный Узел (станция)"
      },
      "geometry": {
        "type": "Point",
        "coordinates": [
          45.3479629,
          54.4129717
        ]
      },
      "id": "node/9023119069"
    },
    {
      "type": "Feature",
      "properties": {
        "@id": "node/9032359601",
        "esr:user": "250707",
        "name": "Вахитово",
        "name:en": "Vahitovo",
        "name:ru": "Вахитово",
        "name:tt-lat": "Vaxitovo",
        "operator": "ОАО «РЖД»",
        "operator:branch": "Горьковская железная дорога",
        "public_transport": "station",
        "railway": "station",
        "train": "yes",
        "uic_ref": "2061401",
        "wikidata": "Q33822",
        "wikipedia": "ru:Вахитово (станция)"
      },
      "geometry": {
        "type": "Point",
        "coordinates": [
          49.1075501,
          55.7667786
        ]
      },
      "id": "node/9032359601"
    },
    {
      "type": "Feature",
      "properties": {
        "@id": "node/9125739023",
        "esr:user": "253902",
        "internet_access": "no",
        "name": "Ямное",
        "name:en": "Yamnoe",
        "name:ru": "Ямное",
        "operator": "ОАО «РЖД»",
        "operator:branch": "Горьковская железная дорога",
        "public_transport": "station",
        "railway": "station",
        "train": "yes",
        "uic_ref": "2060627",
        "wheelchair": "limited"
      },
      "geometry": {
        "type": "Point",
        "coordinates": [
          51.1137333,
          56.2590944
        ]
      },
      "id": "node/9125739023"
    },
    {
      "type": "Feature",
      "properties": {
        "@id": "node/9147783752",
        "esr:user": "259608",
        "name": "Солдатка",
        "operator": "ОАО «РЖД»",
        "operator:branch": "Горьковская железная дорога",
        "public_transport": "station",
        "railway": "station",
        "train": "yes",
        "uic_ref": "2061639"
      },
      "geometry": {
        "type": "Point",
        "coordinates": [
          59.3884195,
          56.813901
        ]
      },
      "id": "node/9147783752"
    },
    {
      "type": "Feature",
      "properties": {
        "@id": "node/9148513048",
        "esr:user": "259504",
        "name": "Бисертский Завод",
        "operator": "ОАО «РЖД»",
        "operator:branch": "Горьковская железная дорога",
        "public_transport": "station",
        "railway": "station",
        "train": "yes",
        "uic_ref": "2060562"
      },
      "geometry": {
        "type": "Point",
        "coordinates": [
          59.0678191,
          56.8454832
        ]
      },
      "id": "node/9148513048"
    },
    {
      "type": "Feature",
      "properties": {
        "@id": "node/9149158844",
        "esr:user": "259006",
        "name": "Зюрзя",
        "operator": "ОАО «РЖД»",
        "operator:branch": "Горьковская железная дорога",
        "public_transport": "station",
        "railway": "station",
        "train": "yes",
        "uic_ref": "2060554"
      },
      "geometry": {
        "type": "Point",
        "coordinates": [
          57.8522381,
          56.6640396
        ]
      },
      "id": "node/9149158844"
    },
    {
      "type": "Feature",
      "properties": {
        "@id": "node/9149158845",
        "esr:user": "259100",
        "name": "Уфимка",
        "operator": "ОАО «РЖД»",
        "operator:branch": "Горьковская железная дорога",
        "public_transport": "station",
        "railway": "station",
        "train": "yes",
        "uic_ref": "2060555"
      },
      "geometry": {
        "type": "Point",
        "coordinates": [
          58.0381002,
          56.7034472
        ]
      },
      "id": "node/9149158845"
    },
    {
      "type": "Feature",
      "properties": {
        "@id": "node/9149158847",
        "esr:user": "259133",
        "name": "Афанасьевский",
        "operator": "ОАО «РЖД»",
        "operator:branch": "Горьковская железная дорога",
        "public_transport": "station",
        "railway": "station",
        "train": "yes",
        "uic_ref": "2060557"
      },
      "geometry": {
        "type": "Point",
        "coordinates": [
          58.339199,
          56.848043
        ]
      },
      "id": "node/9149158847"
    },
    {
      "type": "Feature",
      "properties": {
        "@id": "node/9149158848",
        "esr:user": "259218",
        "name": "Ключевая",
        "operator": "ОАО «РЖД»",
        "operator:branch": "Горьковская железная дорога",
        "public_transport": "station",
        "railway": "station",
        "train": "yes",
        "uic_ref": "2060558"
      },
      "geometry": {
        "type": "Point",
        "coordinates": [
          58.4951288,
          56.8294605
        ]
      },
      "id": "node/9149158848"
    },
    {
      "type": "Feature",
      "properties": {
        "@id": "node/9288533800",
        "esr:user": "249004",
        "name": "Свияжск",
        "name:en": "Sviyazhsk",
        "name:ru": "Свияжск",
        "operator": "ОАО «РЖД»",
        "operator:branch": "Горьковская железная дорога",
        "public_transport": "station",
        "railway": "station",
        "train": "yes",
        "uic_ref": "2060587"
      },
      "geometry": {
        "type": "Point",
        "coordinates": [
          48.5275003,
          55.7990849
        ]
      },
      "id": "node/9288533800"
    },
    {
      "type": "Feature",
      "properties": {
        "@id": "node/9433362852",
        "esr:user": "254203",
        "name": "Кизнер",
        "name:en": "Kizner",
        "name:ru": "Кизнер",
        "operator": "ОАО «РЖД»",
        "operator:branch": "Горьковская железная дорога",
        "public_transport": "station",
        "railway": "station",
        "train": "yes",
        "uic_ref": "2060526",
        "wheelchair": "limited"
      },
      "geometry": {
        "type": "Point",
        "coordinates": [
          51.510505,
          56.2826473
        ]
      },
      "id": "node/9433362852"
    },
    {
      "type": "Feature",
      "properties": {
        "@id": "node/10154220654",
        "description": "Станция 3 класса Кировского региона Горьковской железной дороги - филиала ОАО \"РЖД\". Ордината оси КМ868.800 (809.000). Открыта в 1906 году.",
        "esr:user": "267801",
        "name": "Котельнич I",
        "name:de": "Kotelnitsch-1",
        "name:en": "Kotelnich-1",
        "operator": "ОАО «РЖД»",
        "operator:branch": "Горьковская железная дорога",
        "public_transport": "station",
        "railway": "station",
        "train": "yes",
        "uic_name": "Kotelnitsch 1",
        "uic_ref": "2060450"
      },
      "geometry": {
        "type": "Point",
        "coordinates": [
          48.3435619,
          58.3119263
        ]
      },
      "id": "node/10154220654"
    },
    {
      "type": "Feature",
      "properties": {
        "@id": "node/10312790740",
        "esr:user": "243008",
        "name": "Заколпье",
        "operator": "ОАО «РЖД»",
        "operator:branch": "Горьковская железная дорога",
        "public_transport": "station",
        "railway": "station",
        "train": "yes",
        "uic_ref": "2060381"
      },
      "geometry": {
        "type": "Point",
        "coordinates": [
          40.9614834,
          55.5041703
        ]
      },
      "id": "node/10312790740"
    },
    {
      "type": "Feature",
      "properties": {
        "@id": "node/10548384479",
        "esr:user": "249220",
        "name": "Ключи",
        "operator": "ОАО «РЖД»",
        "operator:branch": "Горьковская железная дорога",
        "public_transport": "station",
        "railway": "station",
        "train": "yes",
        "uic_ref": "2060608"
      },
      "geometry": {
        "type": "Point",
        "coordinates": [
          48.501703,
          55.3396273
        ]
      },
      "id": "node/10548384479"
    },
    {
      "type": "Feature",
      "properties": {
        "@id": "node/11000963173",
        "esr:user": "277818",
        "name": "Зилай",
        "operator": "ОАО «РЖД»",
        "operator:branch": "Горьковская железная дорога",
        "operator:official": "Горьковская дирекция управления движением АО «РЖД»",
        "public_transport": "station",
        "railway": "station",
        "train": "yes",
        "uic_ref": "2060508",
        "wikidata": "Q4191833",
        "wikipedia": "ru:Зилай (станция)"
      },
      "geometry": {
        "type": "Point",
        "coordinates": [
          53.3103481,
          57.8498192
        ]
      },
      "id": "node/11000963173"
    },
    {
      "type": "Feature",
      "properties": {
        "@id": "node/11036815438",
        "esr:user": "274608",
        "name": "Стальная",
        "operator": "ОАО «РЖД»",
        "operator:branch": "Горьковская железная дорога",
        "operator:official": "Горьковская дирекция управления движением АО «РЖД»",
        "public_transport": "station",
        "railway": "station",
        "train": "yes",
        "uic_ref": "2060510"
      },
      "geometry": {
        "type": "Point",
        "coordinates": [
          52.2093971,
          58.6809787
        ]
      },
      "id": "node/11036815438"
    },
    {
      "type": "Feature",
      "properties": {
        "@id": "node/11043176737",
        "esr:user": "275102",
        "name": "Котчиха",
        "operator": "ОАО «РЖД»",
        "operator:branch": "Горьковская железная дорога",
        "operator:official": "Горьковская дирекция управления движением АО «РЖД»",
        "public_transport": "station",
        "railway": "station",
        "train": "yes"
      },
      "geometry": {
        "type": "Point",
        "coordinates": [
          52.3380336,
          59.1250298
        ]
      },
      "id": "node/11043176737"
    },
    {
      "type": "Feature",
      "properties": {
        "@id": "node/11139979737",
        "esr:user": "270128",
        "name": "Путевой пост 953 км",
        "operator": "ОАО «РЖД»",
        "operator:branch": "Горьковская железная дорога",
        "operator:official": "Горьковская дирекция управления движением АО «РЖД»",
        "public_transport": "no",
        "railway": "station",
        "train": "yes"
      },
      "geometry": {
        "type": "Point",
        "coordinates": [
          49.6178501,
          58.5667811
        ]
      },
      "id": "node/11139979737"
    },
    {
      "type": "Feature",
      "properties": {
        "@id": "node/11175797157",
        "name": "Путевой пост Бобыли",
        "operator": "ОАО «РЖД»",
        "operator:branch": "Горьковская железная дорога",
        "operator:official": "Горьковская дирекция управления движением АО «РЖД»",
        "public_transport": "no",
        "railway": "station",
        "train": "yes"
      },
      "geometry": {
        "type": "Point",
        "coordinates": [
          49.4752891,
          58.5383491
        ]
      },
      "id": "node/11175797157"
    },
    {
      "type": "Feature",
      "properties": {
        "@id": "node/11232496219",
        "esr:user": "264108",
        "name": "Ильино",
        "operator": "ОАО «РЖД»",
        "operator:branch": "Горьковская железная дорога",
        "public_transport": "station",
        "railway": "station",
        "train": "yes",
        "uic_name": "Ilino",
        "uic_ref": "2060447"
      },
      "geometry": {
        "type": "Point",
        "coordinates": [
          42.9156205,
          56.2306495
        ]
      },
      "id": "node/11232496219"
    },
    {
      "type": "Feature",
      "properties": {
        "@id": "node/11233992229",
        "esr:user": "262206",
        "name": "Костерёво",
        "name:en": "Kosteryovo",
        "operator": "ОАО «РЖД»",
        "operator:branch": "Горьковская железная дорога",
        "public_transport": "station",
        "railway": "station",
        "train": "yes",
        "uic_ref": "2060337",
        "wikidata": "Q4235341"
      },
      "geometry": {
        "type": "Point",
        "coordinates": [
          39.6194453,
          55.9297539
        ]
      },
      "id": "node/11233992229"
    },
    {
      "type": "Feature",
      "properties": {
        "@id": "node/11260326481",
        "esr:user": "262511",
        "name": "Колокша",
        "name:en": "Koloksha",
        "operator": "ОАО «РЖД»",
        "operator:branch": "Горьковская железная дорога",
        "public_transport": "station",
        "railway": "station",
        "train": "yes",
        "uic_ref": "2060341",
        "wikidata": "Q4228300",
        "wikipedia": "ru:Колокша (станция)"
      },
      "geometry": {
        "type": "Point",
        "coordinates": [
          40.1842126,
          56.0617211
        ]
      },
      "id": "node/11260326481"
    },
    {
      "type": "Feature",
      "properties": {
        "@id": "node/11260326502",
        "esr:user": "262403",
        "name": "Ундол",
        "name:en": "Undol",
        "operator": "ОАО «РЖД»",
        "operator:branch": "Горьковская железная дорога",
        "public_transport": "station",
        "railway": "station",
        "train": "yes",
        "uic_ref": "2060339",
        "wikidata": "Q4475668",
        "wikipedia": "ru:Ундол (станция)"
      },
      "geometry": {
        "type": "Point",
        "coordinates": [
          39.9824801,
          56.0199463
        ]
      },
      "id": "node/11260326502"
    },
    {
      "type": "Feature",
      "properties": {
        "@id": "node/11260935348",
        "esr:user": "262723",
        "name": "Боголюбово",
        "operator": "ОАО «РЖД»",
        "operator:branch": "Горьковская железная дорога",
        "public_transport": "station",
        "railway": "station",
        "train": "yes",
        "uic_ref": "2060343"
      },
      "geometry": {
        "type": "Point",
        "coordinates": [
          40.5409584,
          56.1951315
        ]
      },
      "id": "node/11260935348"
    },
    {
      "type": "Feature",
      "properties": {
        "@id": "node/11261111099",
        "esr:user": "263047",
        "name": "Федулово",
        "operator": "ОАО «РЖД»",
        "operator:branch": "Горьковская железная дорога",
        "public_transport": "station",
        "railway": "station",
        "train": "yes",
        "uic_ref": "2060780"
      },
      "geometry": {
        "type": "Point",
        "coordinates": [
          41.2251101,
          56.3749605
        ]
      },
      "id": "node/11261111099"
    },
    {
      "type": "Feature",
      "properties": {
        "@id": "node/11261111123",
        "esr:user": "262920",
        "name": "Тереховицы",
        "operator": "ОАО «РЖД»",
        "operator:branch": "Горьковская железная дорога",
        "public_transport": "station",
        "railway": "station",
        "train": "yes",
        "uic_ref": "2060346"
      },
      "geometry": {
        "type": "Point",
        "coordinates": [
          40.9309193,
          56.3149268
        ]
      },
      "id": "node/11261111123"
    },
    {
      "type": "Feature",
      "properties": {
        "@id": "node/11275680496",
        "esr:user": "263923",
        "name": "Чулково",
        "name:ru": "Чулково",
        "operator": "ОАО «РЖД»",
        "operator:branch": "Горьковская железная дорога",
        "public_transport": "station",
        "railway": "station",
        "train": "yes",
        "uic_ref": "2060354",
        "wikidata": "Q108987208"
      },
      "geometry": {
        "type": "Point",
        "coordinates": [
          42.5193971,
          56.1093147
        ]
      },
      "id": "node/11275680496"
    },
    {
      "type": "Feature",
      "properties": {
        "@id": "node/11276665964",
        "esr:user": "242804",
        "name": "Торфопродукт",
        "name:en": "Torfopodukt",
        "operator": "ОАО «РЖД»",
        "operator:branch": "Горьковская железная дорога",
        "public_transport": "station",
        "railway": "station",
        "train": "yes",
        "uic_ref": "2060376"
      },
      "geometry": {
        "type": "Point",
        "coordinates": [
          40.4068726,
          55.4746131
        ]
      },
      "id": "node/11276665964"
    },
    {
      "type": "Feature",
      "properties": {
        "@id": "node/11278081025",
        "esr:user": "264004",
        "name": "Гороховец",
        "operator": "ОАО «РЖД»",
        "operator:branch": "Горьковская железная дорога",
        "public_transport": "station",
        "railway": "station",
        "train": "yes",
        "uic_name": "Gorokhovecs",
        "uic_ref": "2060356"
      },
      "geometry": {
        "type": "Point",
        "coordinates": [
          42.8143524,
          56.1592707
        ]
      },
      "id": "node/11278081025"
    },
    {
      "type": "Feature",
      "properties": {
        "@id": "node/11278081075",
        "esr:user": "264606",
        "name": "Доскино",
        "operator": "ОАО «РЖД»",
        "operator:branch": "Горьковская железная дорога",
        "public_transport": "station",
        "railway": "station",
        "train": "yes",
        "uic_ref": "2061450"
      },
      "geometry": {
        "type": "Point",
        "coordinates": [
          43.7573577,
          56.2646265
        ]
      },
      "id": "node/11278081075"
    },
    {
      "type": "Feature",
      "properties": {
        "@id": "node/11278081107",
        "esr:user": "264957",
        "name": "Нижний Новгород — Стригино",
        "operator": "ОАО «РЖД»",
        "operator:branch": "Горьковская железная дорога",
        "public_transport": "station",
        "railway": "station",
        "train": "yes"
      },
      "geometry": {
        "type": "Point",
        "coordinates": [
          43.8051294,
          56.2211863
        ]
      },
      "id": "node/11278081107"
    },
    {
      "type": "Feature",
      "properties": {
        "@id": "node/11278086426",
        "esr:user": "264926",
        "name": "Окская",
        "network": "Нижегородская городская электричка",
        "operator": "ОАО «РЖД»",
        "operator:branch": "Горьковская железная дорога",
        "public_transport": "station",
        "railway": "station",
        "train": "yes",
        "uic_ref": "2060030"
      },
      "geometry": {
        "type": "Point",
        "coordinates": [
          43.8135436,
          56.1566133
        ]
      },
      "id": "node/11278086426"
    },
    {
      "type": "Feature",
      "properties": {
        "@id": "node/11382310368",
        "esr:user": "251305",
        "name": "Паратск",
        "operator": "ОАО «РЖД»",
        "operator:branch": "Горьковская железная дорога",
        "public_transport": "station",
        "railway": "station",
        "train": "yes",
        "uic_ref": "2061525"
      },
      "geometry": {
        "type": "Point",
        "coordinates": [
          48.5025873,
          55.842257
        ]
      },
      "id": "node/11382310368"
    },
    {
      "type": "Feature",
      "properties": {
        "@id": "node/11382398138",
        "esr:user": "250764",
        "int_name": "Airport",
        "name": "Аэропорт Казань",
        "name:en": "Airport Kazan",
        "name:ru": "Аэропорт Казань",
        "operator": "ОАО «РЖД»",
        "operator:branch": "Горьковская железная дорога",
        "public_transport": "station",
        "railway": "station",
        "train": "yes"
      },
      "geometry": {
        "type": "Point",
        "coordinates": [
          49.2994376,
          55.6093625
        ]
      },
      "id": "node/11382398138"
    },
    {
      "type": "Feature",
      "properties": {
        "@id": "node/11382398139",
        "esr:user": "250745",
        "name": "Юбилейная",
        "name:en": "Yubileynaya",
        "name:ru": "Юбилейная",
        "operator": "ОАО «РЖД»",
        "operator:branch": "Горьковская железная дорога",
        "public_transport": "station",
        "railway": "station",
        "train": "yes"
      },
      "geometry": {
        "type": "Point",
        "coordinates": [
          49.2091146,
          55.6761738
        ]
      },
      "id": "node/11382398139"
    },
    {
      "type": "Feature",
      "properties": {
        "@id": "node/11386504130",
        "esr:user": "248730",
        "name": "Шоркистры",
        "name:cv": "Энӗшпуҫ",
        "old_name:cv": "Энӗшпуҫ разъезчӗ",
        "operator": "ОАО «РЖД»",
        "operator:branch": "Горьковская железная дорога",
        "public_transport": "station",
        "railway": "station",
        "train": "yes",
        "uic_ref": "2060584"
      },
      "geometry": {
        "type": "Point",
        "coordinates": [
          47.7450164,
          55.6303043
        ]
      },
      "id": "node/11386504130"
    },
    {
      "type": "Feature",
      "properties": {
        "@id": "node/11387409455",
        "esr:user": "248209",
        "name": "Траки",
        "name:cv": "Трак",
        "operator": "ОАО «РЖД»",
        "operator:branch": "Горьковская железная дорога",
        "public_transport": "station",
        "railway": "station",
        "train": "yes",
        "uic_ref": "2060566"
      },
      "geometry": {
        "type": "Point",
        "coordinates": [
          47.2926618,
          55.7286842
        ]
      },
      "id": "node/11387409455"
    },
    {
      "type": "Feature",
      "properties": {
        "@id": "node/11392912640",
        "esr:user": "249339",
        "name": "Лощи",
        "operator": "ОАО «РЖД»",
        "operator:branch": "Горьковская железная дорога",
        "public_transport": "station",
        "railway": "station",
        "train": "yes",
        "uic_ref": "2060612"
      },
      "geometry": {
        "type": "Point",
        "coordinates": [
          48.2447963,
          55.0527394
        ]
      },
      "id": "node/11392912640"
    },
    {
      "type": "Feature",
      "properties": {
        "@id": "node/11395782895",
        "esr:user": "265702",
        "name": "Тарасиха",
        "operator": "ОАО «РЖД»",
        "operator:branch": "Горьковская железная дорога",
        "public_transport": "station",
        "railway": "station",
        "train": "yes"
      },
      "geometry": {
        "type": "Point",
        "coordinates": [
          44.1942371,
          56.6826892
        ]
      },
      "id": "node/11395782895"
    },
    {
      "type": "Feature",
      "properties": {
        "@id": "node/11396985605",
        "esr:user": "248321",
        "name": "Визикасы",
        "name:cv": "Виҫикасси",
        "old_name": "38 км",
        "operator": "ОАО «РЖД»",
        "operator:branch": "Горьковская железная дорога",
        "public_transport": "station",
        "railway": "station",
        "train": "yes",
        "uic_ref": "2060784"
      },
      "geometry": {
        "type": "Point",
        "coordinates": [
          47.2492265,
          55.8937626
        ]
      },
      "id": "node/11396985605"
    },
    {
      "type": "Feature",
      "properties": {
        "@id": "node/11397853891",
        "esr:user": "244903",
        "name": "Тарталей",
        "operator": "ОАО «РЖД»",
        "operator:branch": "Горьковская железная дорога",
        "public_transport": "station",
        "railway": "station",
        "train": "yes",
        "uic_ref": "2060426"
      },
      "geometry": {
        "type": "Point",
        "coordinates": [
          45.3628412,
          55.5002007
        ]
      },
      "id": "node/11397853891"
    },
    {
      "type": "Feature",
      "properties": {
        "@id": "node/11398005924",
        "description": "разъезд",
        "esr:user": "268912",
        "name": "Арапиха",
        "old_name": "281 км",
        "operator": "ОАО «РЖД»",
        "operator:branch": "Горьковская железная дорога",
        "public_transport": "station",
        "railway": "station",
        "train": "yes",
        "uic_ref": "2060992"
      },
      "geometry": {
        "type": "Point",
        "coordinates": [
          43.8640346,
          55.7986937
        ]
      },
      "id": "node/11398005924"
    },
    {
      "type": "Feature",
      "properties": {
        "@id": "node/11404330246",
        "esr:user": "261203",
        "name": "Костариха",
        "operator": "ОАО «РЖД»",
        "operator:branch": "Горьковская железная дорога",
        "public_transport": "station",
        "railway": "station",
        "train": "yes",
        "uic_ref": "2060003"
      },
      "geometry": {
        "type": "Point",
        "coordinates": [
          43.8775653,
          56.308875
        ]
      },
      "id": "node/11404330246"
    },
    {
      "type": "Feature",
      "properties": {
        "@id": "node/11404330284",
        "esr:user": "269402",
        "name": "Кудьма",
        "operator": "ОАО «РЖД»",
        "operator:branch": "Горьковская железная дорога",
        "public_transport": "station",
        "railway": "station",
        "train": "yes",
        "uic_ref": "2061519"
      },
      "geometry": {
        "type": "Point",
        "coordinates": [
          43.8726005,
          56.1659506
        ]
      },
      "id": "node/11404330284"
    },
    {
      "type": "Feature",
      "properties": {
        "@id": "node/11404330306",
        "esr:user": "269807",
        "name": "Ройка",
        "operator": "ОАО «РЖД»",
        "operator:branch": "Горьковская железная дорога",
        "public_transport": "station",
        "railway": "station",
        "train": "yes"
      },
      "geometry": {
        "type": "Point",
        "coordinates": [
          44.0205414,
          56.1991104
        ]
      },
      "id": "node/11404330306"
    },
    {
      "type": "Feature",
      "properties": {
        "@id": "node/11409651804",
        "esr:user": "261909",
        "name": "Правдинск",
        "operator": "ОАО «РЖД»",
        "operator:branch": "Горьковская железная дорога",
        "public_transport": "station",
        "railway": "station",
        "train": "yes",
        "uic_ref": "2061455"
      },
      "geometry": {
        "type": "Point",
        "coordinates": [
          43.5426554,
          56.5202305
        ]
      },
      "id": "node/11409651804"
    },
    {
      "type": "Feature",
      "properties": {
        "@id": "node/11411773854",
        "esr:user": "269309",
        "name": "Кожевенное",
        "operator": "ОАО «РЖД»",
        "operator:branch": "Горьковская железная дорога",
        "public_transport": "station",
        "railway": "station",
        "train": "yes"
      },
      "geometry": {
        "type": "Point",
        "coordinates": [
          43.5227975,
          56.1146232
        ]
      },
      "id": "node/11411773854"
    },
    {
      "type": "Feature",
      "properties": {
        "@id": "node/11414591459",
        "esr:user": "242005",
        "name": "Великодворье",
        "operator": "ОАО «РЖД»",
        "operator:branch": "Горьковская железная дорога",
        "public_transport": "station",
        "railway": "station",
        "train": "yes",
        "uic_ref": "2061425"
      },
      "geometry": {
        "type": "Point",
        "coordinates": [
          40.6556422,
          55.240568
        ]
      },
      "id": "node/11414591459"
    },
    {
      "type": "Feature",
      "properties": {
        "@id": "node/11428490798",
        "esr:user": "246839",
        "name": "Атьма",
        "operator": "ОАО «РЖД»",
        "operator:branch": "Горьковская железная дорога",
        "public_transport": "station",
        "railway": "station",
        "train": "yes",
        "uic_ref": "2060419",
        "wikidata": "Q4072324",
        "wikipedia": "ru:Атьма"
      },
      "geometry": {
        "type": "Point",
        "coordinates": [
          45.3833189,
          54.5425281
        ]
      },
      "id": "node/11428490798"
    },
    {
      "type": "Feature",
      "properties": {
        "@id": "node/11428490828",
        "esr:user": "246720",
        "name": "Кемля",
        "name:ja": "ケムリャ",
        "operator": "ОАО «РЖД»",
        "operator:branch": "Горьковская железная дорога",
        "public_transport": "station",
        "railway": "station",
        "train": "yes",
        "uic_ref": "2060417"
      },
      "geometry": {
        "type": "Point",
        "coordinates": [
          45.2466372,
          54.6988588
        ]
      },
      "id": "node/11428490828"
    },
    {
      "type": "Feature",
      "properties": {
        "@id": "node/11514926077",
        "esr:user": "247210",
        "name": "Мачкассы",
        "operator": "ОАО «РЖД»",
        "operator:branch": "Горьковская железная дорога",
        "public_transport": "station",
        "railway": "station",
        "train": "yes",
        "uic_ref": "2060693"
      },
      "geometry": {
        "type": "Point",
        "coordinates": [
          45.9049244,
          54.4804707
        ]
      },
      "id": "node/11514926077"
    },
    {
      "type": "Feature",
      "properties": {
        "@id": "node/11514974135",
        "esr:user": "247032",
        "name": "Рейтарский",
        "operator": "ОАО «РЖД»",
        "operator:branch": "Горьковская железная дорога",
        "public_transport": "station",
        "railway": "station",
        "train": "yes",
        "uic_ref": "2061432"
      },
      "geometry": {
        "type": "Point",
        "coordinates": [
          45.465776,
          54.3838728
        ]
      },
      "id": "node/11514974135"
    },
    {
      "type": "Feature",
      "properties": {
        "@id": "node/11531379634",
        "esr:user": "240508",
        "name": "Нерудная",
        "operator": "ОАО «РЖД»",
        "operator:branch": "Горьковская железная дорога",
        "public_transport": "no",
        "railway": "station",
        "train": "yes",
        "uic_ref": "2060028"
      },
      "geometry": {
        "type": "Point",
        "coordinates": [
          41.1481521,
          55.9456305
        ]
      },
      "id": "node/11531379634"
    },
    {
      "type": "Feature",
      "properties": {
        "@id": "node/11564014641",
        "esr:user": "258003",
        "name": "Куеда",
        "name:en": "Kuyeda",
        "name:ja": "クエダー",
        "name:ru": "Куеда",
        "operator": "ОАО «РЖД»",
        "operator:branch": "Горьковская железная дорога",
        "public_transport": "station",
        "railway": "station",
        "train": "yes",
        "uic_name": "Kueda",
        "uic_ref": "2060570"
      },
      "geometry": {
        "type": "Point",
        "coordinates": [
          55.5965833,
          56.4283435
        ]
      },
      "id": "node/11564014641"
    },
    {
      "type": "Feature",
      "properties": {
        "@id": "node/11564014642",
        "esr:user": "257509",
        "name": "Амзя",
        "name:ja": "アムジャ",
        "operator": "ОАО «РЖД»",
        "operator:branch": "Горьковская железная дорога",
        "public_transport": "station",
        "railway": "station",
        "train": "yes",
        "uic_name": "Amsja",
        "uic_ref": "2060539"
      },
      "geometry": {
        "type": "Point",
        "coordinates": [
          54.3816867,
          56.2392902
        ]
      },
      "id": "node/11564014642"
    },
    {
      "type": "Feature",
      "properties": {
        "@id": "node/11564014644",
        "esr:user": "257405",
        "name": "Камбарка",
        "name:ja": "カンバルカ",
        "operator": "ОАО «РЖД»",
        "operator:branch": "Горьковская железная дорога",
        "public_transport": "station",
        "railway": "station",
        "train": "yes",
        "uic_name": "Kambarka",
        "uic_ref": "2061407"
      },
      "geometry": {
        "type": "Point",
        "coordinates": [
          54.228405,
          56.2600787
        ]
      },
      "id": "node/11564014644"
    },
    {
      "type": "Feature",
      "properties": {
        "@id": "node/11847421125",
        "esr:user": "257000",
        "name": "Кама",
        "name:ce": "Кама",
        "name:ja": "カマ",
        "name:tt": "Кама",
        "name:uk": "Кама",
        "operator": "ОАО «РЖД»",
        "operator:branch": "Горьковская железная дорога",
        "public_transport": "station",
        "railway": "station",
        "train": "yes",
        "uic_ref": "2061427"
      },
      "geometry": {
        "type": "Point",
        "coordinates": [
          54.1112346,
          56.297482
        ]
      },
      "id": "node/11847421125"
    },
    {
      "type": "Feature",
      "properties": {
        "@id": "node/11847421128",
        "esr:user": "256900",
        "name": "Шолья",
        "operator": "ОАО «РЖД»",
        "operator:branch": "Горьковская железная дорога",
        "public_transport": "station",
        "railway": "station",
        "train": "yes"
      },
      "geometry": {
        "type": "Point",
        "coordinates": [
          54.0608806,
          56.3504897
        ]
      },
      "id": "node/11847421128"
    },
    {
      "type": "Feature",
      "properties": {
        "@id": "node/11847705305",
        "esr:user": "257706",
        "name": "Карманово",
        "operator": "ОАО «РЖД»",
        "operator:branch": "Горьковская железная дорога",
        "public_transport": "station",
        "railway": "station",
        "train": "yes",
        "uic_name": "Karmanovo",
        "uic_ref": "2060541"
      },
      "geometry": {
        "type": "Point",
        "coordinates": [
          54.5521698,
          56.2404899
        ]
      },
      "id": "node/11847705305"
    },
    {
      "type": "Feature",
      "properties": {
        "@id": "node/11871802030",
        "name": "Пушкино",
        "operator": "ОАО «РЖД»",
        "operator:branch": "Горьковская железная дорога",
        "public_transport": "station",
        "railway": "station",
        "train": "yes"
      },
      "geometry": {
        "type": "Point",
        "coordinates": [
          43.9302171,
          56.298362
        ]
      },
      "id": "node/11871802030"
    },
    {
      "type": "Feature",
      "properties": {
        "@id": "node/11871802031",
        "name": "Счастливая",
        "operator": "ОАО «РЖД»",
        "operator:branch": "Горьковская железная дорога",
        "public_transport": "station",
        "railway": "station",
        "train": "yes"
      },
      "geometry": {
        "type": "Point",
        "coordinates": [
          43.9223514,
          56.3021645
        ]
      },
      "id": "node/11871802031"
    },
    {
      "type": "Feature",
      "properties": {
        "@id": "node/11871802032",
        "name": "Родина",
        "operator": "ОАО «РЖД»",
        "operator:branch": "Горьковская железная дорога",
        "public_transport": "station",
        "railway": "station",
        "train": "yes"
      },
      "geometry": {
        "type": "Point",
        "coordinates": [
          43.9331983,
          56.3079366
        ]
      },
      "id": "node/11871802032"
    },
    {
      "type": "Feature",
      "properties": {
        "@id": "node/11889847398",
        "name": "Кленовский",
        "operator": "ОАО «РЖД»",
        "operator:branch": "Горьковская железная дорога",
        "public_transport": "station",
        "railway": "station",
        "train": "yes"
      },
      "geometry": {
        "type": "Point",
        "coordinates": [
          58.6934103,
          56.8331402
        ]
      },
      "id": "node/11889847398"
    },
    {
      "type": "Feature",
      "properties": {
        "@id": "node/11893315265",
        "esr:user": "255908",
        "name": "Заводская",
        "operator": "ОАО «РЖД»",
        "operator:branch": "Горьковская железная дорога",
        "public_transport": "station",
        "railway": "station",
        "train": "yes",
        "uic_ref": "2060521"
      },
      "geometry": {
        "type": "Point",
        "coordinates": [
          53.1159457,
          56.8577287
        ]
      },
      "id": "node/11893315265"
    },
    {
      "type": "Feature",
      "properties": {
        "@id": "node/12143751445",
        "esr:user": "250904",
        "name": "Восстание",
        "operator": "ОАО «РЖД»",
        "operator:branch": "Горьковская железная дорога",
        "railway": "station",
        "uic_ref": "2060631"
      },
      "geometry": {
        "type": "Point",
        "coordinates": [
          49.0414106,
          55.8392578
        ]
      },
      "id": "node/12143751445"
    },
    {
      "type": "Feature",
      "properties": {
        "@id": "node/12521134170",
        "esr:user": "244602",
        "name": "Перевозская",
        "operator": "ОАО «РЖД»",
        "operator:branch": "Горьковская железная дорога",
        "public_transport": "station",
        "railway": "station",
        "train": "yes",
        "uic_name": "Perewosskaja",
        "uic_ref": "2060423"
      },
      "geometry": {
        "type": "Point",
        "coordinates": [
          44.5201394,
          55.5926368
        ]
      },
      "id": "node/12521134170"
    }
  ]
}